-- MySQL dump 10.13  Distrib 8.0.28, for Win64 (x86_64)
--
-- Host: localhost    Database: nba
-- ------------------------------------------------------
-- Server version	8.0.28

/*!40101 SET @OLD_CHARACTER_SET_CLIENT=@@CHARACTER_SET_CLIENT */;
/*!40101 SET @OLD_CHARACTER_SET_RESULTS=@@CHARACTER_SET_RESULTS */;
/*!40101 SET @OLD_COLLATION_CONNECTION=@@COLLATION_CONNECTION */;
/*!50503 SET NAMES utf8 */;
/*!40103 SET @OLD_TIME_ZONE=@@TIME_ZONE */;
/*!40103 SET TIME_ZONE='+00:00' */;
/*!40014 SET @OLD_UNIQUE_CHECKS=@@UNIQUE_CHECKS, UNIQUE_CHECKS=0 */;
/*!40014 SET @OLD_FOREIGN_KEY_CHECKS=@@FOREIGN_KEY_CHECKS, FOREIGN_KEY_CHECKS=0 */;
/*!40101 SET @OLD_SQL_MODE=@@SQL_MODE, SQL_MODE='NO_AUTO_VALUE_ON_ZERO' */;
/*!40111 SET @OLD_SQL_NOTES=@@SQL_NOTES, SQL_NOTES=0 */;

--
-- Table structure for table `coach_stats`
--

DROP TABLE IF EXISTS `coach_stats`;
/*!40101 SET @saved_cs_client     = @@character_set_client */;
/*!50503 SET character_set_client = utf8mb4 */;
CREATE TABLE `coach_stats` (
  `Coach_stat_id` int NOT NULL,
  `Coaches_id` int NOT NULL,
  `Name` varchar(200) DEFAULT NULL,
  `Team` varchar(100) DEFAULT NULL,
  `SeasG` int DEFAULT NULL,
  `SeasW` int DEFAULT NULL,
  `SeasL` int DEFAULT NULL,
  `FranG` int DEFAULT NULL,
  `FranW` int DEFAULT NULL,
  `FranL` int DEFAULT NULL,
  `CareW` int DEFAULT NULL,
  `CareL` int DEFAULT NULL,
  `CareWP` float DEFAULT NULL,
  `POSeasG` int DEFAULT NULL,
  `POSeasW` int DEFAULT NULL,
  `POSeasL` int DEFAULT NULL,
  `POFranG` int DEFAULT NULL,
  `POFranW` int DEFAULT NULL,
  `POFranL` int DEFAULT NULL,
  `POCareG` int DEFAULT NULL,
  `POCareW` int DEFAULT NULL,
  `POCareL` int DEFAULT NULL,
  PRIMARY KEY (`Coach_stat_id`),
  KEY `fk_Coach_stats_Coaches1_idx` (`Coaches_id`),
  CONSTRAINT `fk_Coach_stats_Coaches1` FOREIGN KEY (`Coaches_id`) REFERENCES `coaches` (`Coaches_id`)
) ENGINE=InnoDB DEFAULT CHARSET=utf8mb3;
/*!40101 SET character_set_client = @saved_cs_client */;

--
-- Dumping data for table `coach_stats`
--

LOCK TABLES `coach_stats` WRITE;
/*!40000 ALTER TABLE `coach_stats` DISABLE KEYS */;
INSERT INTO `coach_stats` VALUES (1,1,'Mike Budenholzer','ATL',82,24,58,410,213,197,213,197,0.52,0,0,0,39,17,22,39,17,22),(2,2,'Brad Stevens','BOS',82,55,27,410,221,189,221,189,0.539,19,11,8,47,22,25,47,22,25),(3,3,'Kenny Atkinson','BRK',82,28,54,164,48,116,48,116,0.293,0,0,0,0,0,0,0,0,0),(4,4,'Fred Hoiberg','CHI',82,27,55,246,110,136,110,136,0.447,0,0,0,6,2,4,6,2,4),(5,5,'Steve Clifford','CHO',82,36,46,410,196,214,196,214,0.478,0,0,0,11,3,8,11,3,8),(6,6,'Tyronn Lue','CLE',82,50,32,205,128,77,128,77,0.624,22,12,10,61,41,20,61,41,20),(7,7,'Rick Carlisle','DAL',82,24,58,804,437,367,718,578,0.554,0,0,0,58,28,30,120,58,62),(8,8,'Mike Malone','DEN',82,46,36,246,119,127,158,194,0.449,0,0,0,0,0,0,0,0,0),(9,9,'Stan Van Gundy','DET',82,39,43,328,152,176,523,384,0.577,0,0,0,4,0,4,91,48,43),(10,10,'Steve Kerr','GSW',82,58,24,328,265,63,265,63,0.808,21,16,5,83,63,20,83,63,20),(11,11,'Mike D\'Antoni','HOU',82,65,17,164,120,44,575,470,0.55,17,11,6,28,17,11,87,43,44),(12,12,'Nate McMillan','IND',82,48,34,164,90,74,568,526,0.519,7,3,4,11,3,8,45,17,28),(13,13,'Doc Rivers','LAC',82,42,40,410,259,151,846,624,0.576,0,0,0,40,18,22,161,82,79),(14,14,'Luke Walton','LAL',82,35,47,164,61,103,61,103,0.372,0,0,0,0,0,0,0,0,0),(15,15,'David Fizdale','MEM',19,7,12,101,50,51,50,51,0.495,0,0,0,6,2,4,6,2,4),(16,16,'J.B. Bickerstaff','MEM',63,15,48,63,15,48,52,82,0.388,0,0,0,0,0,0,5,1,4),(17,17,'Erik Spoelstra','MIA',82,44,38,804,484,320,484,320,0.602,5,1,4,118,71,47,118,71,47),(18,18,'Jason Kidd','MIL',45,23,22,291,139,152,183,190,0.491,0,0,0,12,4,8,24,9,15),(19,19,'Joe Prunty','MIL',37,21,16,37,21,16,21,16,0.568,7,3,4,7,3,4,7,3,4),(20,20,'Tom Thibodeau','MIN',82,47,35,164,78,86,333,225,0.597,5,1,4,5,1,4,56,24,32),(21,21,'Alvin Gentry','NOP',82,48,34,246,112,134,447,504,0.47,9,5,4,9,5,4,30,17,13),(22,22,'Jeff Hornacek','NYK',82,29,53,164,60,104,161,216,0.427,0,0,0,0,0,0,0,0,0),(23,23,'Billy Donovan','OKC',82,48,34,246,150,96,150,96,0.61,6,2,4,29,14,15,29,14,15),(24,24,'Frank Vogel','ORL',82,25,57,164,54,110,304,291,0.511,0,0,0,0,0,0,61,31,30),(25,25,'Brett Brown','PHI',82,52,30,410,127,283,127,283,0.31,10,5,5,10,5,5,10,5,5),(26,26,'Earl Watson','PHO',3,0,3,118,33,85,33,85,0.28,0,0,0,0,0,0,0,0,0),(27,27,'Jay Triano','PHO',79,21,58,79,21,58,108,200,0.351,0,0,0,0,0,0,0,0,0),(28,28,'Terry Stotts','POR',82,49,33,492,272,220,387,388,0.499,4,0,4,35,11,24,40,12,28),(29,29,'Dave Joerger','SAC',82,27,55,164,59,105,206,204,0.502,0,0,0,0,0,0,22,9,13),(30,30,'Gregg Popovich','SAS',82,47,35,1738,1197,541,1197,541,0.689,5,1,4,277,167,110,277,167,110),(31,31,'Dwane Casey','TOR',82,59,23,558,320,238,373,307,0.549,10,4,6,51,21,30,51,21,30),(32,32,'Quin Snyder','UTA',82,48,34,328,177,151,177,151,0.54,11,5,6,22,9,13,22,9,13),(33,33,'Scott Brooks','WAS',82,43,39,164,92,72,430,279,0.606,6,2,4,19,9,10,92,48,44);
/*!40000 ALTER TABLE `coach_stats` ENABLE KEYS */;
UNLOCK TABLES;

--
-- Table structure for table `coaches`
--

DROP TABLE IF EXISTS `coaches`;
/*!40101 SET @saved_cs_client     = @@character_set_client */;
/*!50503 SET character_set_client = utf8mb4 */;
CREATE TABLE `coaches` (
  `Coaches_id` int NOT NULL,
  `Teams_id` int NOT NULL,
  `Name` varchar(200) NOT NULL,
  PRIMARY KEY (`Coaches_id`),
  KEY `fk_Coaches_Teams_idx` (`Teams_id`),
  CONSTRAINT `fk_Coaches_Teams` FOREIGN KEY (`Teams_id`) REFERENCES `teams` (`Teams_id`)
) ENGINE=InnoDB DEFAULT CHARSET=utf8mb3;
/*!40101 SET character_set_client = @saved_cs_client */;

--
-- Dumping data for table `coaches`
--

LOCK TABLES `coaches` WRITE;
/*!40000 ALTER TABLE `coaches` DISABLE KEYS */;
INSERT INTO `coaches` VALUES (1,25,'Mike Budenholzer'),(2,20,'Brad Stevens'),(3,14,'Kenny Atkinson'),(4,26,'Fred Hoiberg'),(5,10,'Steve Clifford'),(6,5,'Tyronn Lue'),(7,28,'Rick Carlisle'),(8,6,'Mike Malone'),(9,22,'Stan Van Gundy'),(10,1,'Steve Kerr'),(11,2,'Mike D\'Antoni'),(12,17,'Nate McMillan'),(13,9,'Doc Rivers'),(14,11,'Luke Walton'),(15,29,'David Fizdale'),(16,29,'J.B. Bickerstaff'),(17,23,'Erik Spoelstra'),(18,15,'Jason Kidd'),(19,15,'Joe Prunty'),(20,8,'Tom Thibodeau'),(21,3,'Alvin Gentry'),(22,18,'Jeff Hornacek'),(23,12,'Billy Donovan'),(24,24,'Frank Vogel'),(25,7,'Brett Brown'),(26,21,'Earl Watson'),(27,21,'Jay Triano'),(28,16,'Terry Stotts'),(29,30,'Dave Joerger'),(30,27,'Gregg Popovich'),(31,4,'Dwane Casey'),(32,19,'Quin Snyder'),(33,13,'Scott Brooks');
/*!40000 ALTER TABLE `coaches` ENABLE KEYS */;
UNLOCK TABLES;

--
-- Table structure for table `player_stats`
--

DROP TABLE IF EXISTS `player_stats`;
/*!40101 SET @saved_cs_client     = @@character_set_client */;
/*!50503 SET character_set_client = utf8mb4 */;
CREATE TABLE `player_stats` (
  `Player_stats_id` int NOT NULL,
  `Players_id` int NOT NULL,
  `Tm` varchar(45) DEFAULT NULL,
  `Gms` int DEFAULT NULL,
  `Gstart` int DEFAULT NULL,
  `MP` int DEFAULT NULL,
  `FG` int DEFAULT NULL,
  `FGA` int DEFAULT NULL,
  `FGP` float DEFAULT NULL,
  `ThreeP` int DEFAULT NULL,
  `ThreePA` int DEFAULT NULL,
  `ThreePP` float DEFAULT NULL,
  `TwoP` int DEFAULT NULL,
  `TwoPA` int DEFAULT NULL,
  `TwoPP` float DEFAULT NULL,
  `eFGP` float DEFAULT NULL,
  `FT` int DEFAULT NULL,
  `FTA` float DEFAULT NULL,
  `FTP` float DEFAULT NULL,
  `ORB` int DEFAULT NULL,
  `DRB` int DEFAULT NULL,
  `TRB` int DEFAULT NULL,
  `AST` int DEFAULT NULL,
  `STL` int DEFAULT NULL,
  `BLK` int DEFAULT NULL,
  `TOV` int DEFAULT NULL,
  `PF` int DEFAULT NULL,
  `PTS` int DEFAULT NULL,
  PRIMARY KEY (`Player_stats_id`),
  KEY `fk_Player_stats_Players1_idx` (`Players_id`),
  CONSTRAINT `fk_Player_stats_Players1` FOREIGN KEY (`Players_id`) REFERENCES `players` (`Players_id`)
) ENGINE=InnoDB DEFAULT CHARSET=utf8mb3;
/*!40101 SET character_set_client = @saved_cs_client */;

--
-- Dumping data for table `player_stats`
--

LOCK TABLES `player_stats` WRITE;
/*!40000 ALTER TABLE `player_stats` DISABLE KEYS */;
INSERT INTO `player_stats` VALUES (1,1,'OKC',75,8,1134,115,291,0.395,84,221,0.38,31,70,0.443,0.54,39,46,0.848,26,88,114,28,38,8,25,124,353),(2,2,'BRK',70,8,1359,130,365,0.356,102,292,0.349,28,73,0.384,0.496,49,60,0.817,40,217,257,57,33,29,60,149,411),(3,3,'OKC',76,76,2487,448,712,0.629,0,2,0,448,710,0.631,0.629,160,286,0.559,384,301,685,88,92,78,128,215,1056),(4,4,'MIA',69,19,1368,174,340,0.512,0,7,0,174,333,0.523,0.512,129,179,0.721,118,263,381,101,32,41,66,138,477),(5,5,'ORL',53,3,682,65,162,0.401,27,70,0.386,38,92,0.413,0.485,22,26,0.846,4,62,66,30,4,9,21,56,179),(6,6,'MIN',21,0,49,5,15,0.333,0,0,5,15,0,0.333,2,6,0.333,3,12,15,3,2,1,1,11,12,0),(7,7,'SAS',75,75,2509,687,1347,0.51,27,92,0.293,660,1255,0.526,0.52,334,399,0.837,246,389,635,152,43,90,111,161,1735),(8,8,'BRK',72,31,1441,234,397,0.589,5,15,0.333,229,382,0.599,0.596,114,147,0.776,144,244,388,49,28,88,82,147,587),(9,9,'BOS',18,1,107,6,22,0.273,0,11,0,6,11,0.545,0.273,7,9,0.778,4,7,11,12,3,2,9,15,19),(10,10,'NOP',22,0,273,44,91,0.484,4,12,0.333,40,79,0.506,0.505,11,21,0.524,20,27,47,9,11,3,19,49,103),(11,11,'POR',69,67,2072,230,582,0.395,125,339,0.369,105,243,0.432,0.503,59,80,0.738,97,428,525,84,79,40,79,136,644),(12,12,'PHI',38,0,519,87,202,0.431,34,103,0.33,53,99,0.535,0.515,28,38,0.737,25,68,93,25,15,7,16,54,236),(13,13,'SAS',74,67,1978,231,438,0.527,19,57,0.333,212,381,0.556,0.549,104,146,0.712,84,312,396,202,115,60,94,114,585),(14,14,'HOU',66,50,1725,207,480,0.431,131,339,0.386,76,141,0.539,0.568,72,93,0.774,94,237,331,60,24,21,42,126,617),(15,15,'IND',11,0,30,4,9,0.444,0,0,4,9,0,0.444,5,6,0.833,5,4,9,0,1,3,2,1,13,0),(16,16,'MIL',75,75,2756,742,1402,0.529,43,140,0.307,699,1262,0.554,0.545,487,641,0.76,156,597,753,361,109,106,223,231,2014),(17,17,'OKC',78,78,2501,472,1168,0.404,169,474,0.357,303,694,0.437,0.476,148,193,0.767,67,386,453,103,47,49,99,197,1261),(18,18,'TOR',74,62,1481,163,346,0.471,73,197,0.371,90,149,0.604,0.577,39,62,0.629,44,140,184,55,52,14,45,130,438),(19,19,'CHI',24,0,304,17,41,0.415,9,31,0.29,8,10,0.8,0.524,5,6,0.833,1,24,25,35,13,0,13,18,48),(20,20,'HOU',67,67,2269,268,651,0.412,170,462,0.368,98,189,0.519,0.542,76,89,0.854,33,261,294,105,98,13,52,132,782),(21,21,'DEN',19,1,141,22,47,0.468,8,23,0.348,14,24,0.583,0.553,2,3,0.667,3,12,15,9,8,3,15,22,54),(22,22,'ORL',15,1,279,31,79,0.392,8,29,0.276,23,50,0.46,0.443,7,12,0.583,4,34,38,18,2,3,8,11,77),(23,23,'NOP',14,0,121,7,16,0.438,0,0,7,16,0,0.438,4,12,0.333,7,30,37,2,1,2,5,14,18,0),(24,23,'CHI',4,0,61,2,6,0.333,0,0,2,6,0,0.333,0,1,0,2,8,10,1,1,2,4,6,4,0),(25,24,'ORL',75,36,1760,244,540,0.452,114,272,0.419,130,268,0.485,0.557,164,189,0.868,30,130,160,287,54,0,123,94,766),(26,25,'ATL',37,9,570,80,168,0.476,49,111,0.441,31,57,0.544,0.622,17,22,0.773,5,76,81,26,7,5,15,47,226),(27,25,'MIA',13,5,145,11,47,0.234,11,45,0.244,0,2,0,0.351,0,0,2,13,15,5,1,2,4,7,33,0),(28,26,'CHO',53,6,713,72,192,0.375,11,43,0.256,61,149,0.409,0.404,20,25,0.8,4,120,124,38,16,2,23,46,175),(29,27,'NYK',29,1,385,20,59,0.339,11,33,0.333,9,26,0.346,0.432,20,26,0.769,5,25,30,47,26,6,18,33,71),(30,28,'POR',7,0,80,14,21,0.667,4,5,0.8,10,16,0.625,0.762,6,10,0.6,1,7,8,5,2,1,4,12,38),(31,29,'LAL',52,50,1780,203,564,0.36,90,295,0.305,113,269,0.42,0.44,32,71,0.451,69,291,360,376,88,43,136,117,528),(32,30,'DAL',69,10,1603,303,690,0.439,115,313,0.367,188,377,0.499,0.522,80,102,0.784,15,186,201,434,35,3,143,83,801),(33,31,'DAL',77,77,2634,537,1208,0.445,119,333,0.357,418,875,0.478,0.494,259,313,0.827,77,391,468,152,49,14,118,94,1452),(34,32,'DEN',81,40,2683,465,1028,0.452,156,422,0.37,309,606,0.51,0.528,182,226,0.805,70,339,409,331,82,52,149,168,1268),(35,33,'CHO',64,64,1981,270,650,0.415,92,274,0.336,178,376,0.473,0.486,108,130,0.831,57,249,306,349,65,23,131,72,740),(36,34,'PHI',39,11,925,109,262,0.416,54,146,0.37,55,116,0.474,0.519,35,44,0.795,15,65,80,54,23,6,46,91,307),(37,35,'BOS',81,67,1485,210,446,0.471,3,21,0.143,207,425,0.487,0.474,59,78,0.756,130,304,434,93,22,51,80,200,482),(38,36,'ATL',65,65,1789,284,676,0.42,108,274,0.394,176,402,0.438,0.5,160,201,0.796,25,223,248,228,100,45,157,147,836),(39,37,'WAS',82,82,2977,683,1484,0.46,199,530,0.375,484,954,0.507,0.527,292,369,0.791,61,302,363,373,96,36,214,160,1857),(40,38,'DEN',62,0,583,73,178,0.41,28,82,0.341,45,96,0.469,0.489,22,33,0.667,14,57,71,31,15,7,24,36,196),(41,39,'NYK',74,30,1653,409,807,0.507,34,86,0.395,375,721,0.52,0.528,124,159,0.78,97,317,414,123,36,43,143,145,976),(42,40,'ATL',52,1,1210,199,485,0.41,92,247,0.372,107,238,0.45,0.505,101,109,0.927,14,86,100,103,46,3,54,41,591),(43,40,'PHI',28,1,737,138,279,0.495,57,148,0.385,81,131,0.618,0.597,47,54,0.87,6,45,51,45,20,9,40,50,380),(44,41,'GSW',57,13,809,116,185,0.627,0,4,0,116,181,0.641,0.627,30,44,0.682,60,147,207,102,35,56,51,92,262),(45,42,'ATL',26,3,455,53,128,0.414,11,30,0.367,42,98,0.429,0.457,19,33,0.576,8,64,72,49,21,12,47,38,136),(46,43,'PHO',82,37,2069,187,484,0.386,118,322,0.366,69,162,0.426,0.508,39,51,0.765,40,321,361,130,22,53,112,166,531),(47,44,'SAS',77,10,1086,161,366,0.44,94,252,0.373,67,114,0.588,0.568,40,49,0.816,18,135,153,74,26,28,36,93,456),(48,45,'LAC',11,11,334,48,119,0.403,24,60,0.4,24,59,0.407,0.504,14,17,0.824,16,29,45,32,19,5,25,34,134),(49,46,'ORL',42,0,578,68,126,0.54,0,0,68,126,1,0.54,42,61,0.689,70,110,180,34,15,21,21,56,178,0),(50,47,'BOS',13,1,115,15,26,0.577,3,7,0.429,12,19,0.632,0.635,6,13,0.462,6,13,19,8,3,1,8,7,39),(51,48,'ORL',82,25,1495,183,352,0.52,0,1,0,183,351,0.521,0.52,102,157,0.65,144,324,468,66,21,95,84,158,468),(52,49,'MIN',67,21,1371,171,371,0.461,76,183,0.415,95,188,0.505,0.563,36,45,0.8,53,221,274,86,50,16,52,141,454),(53,50,'HOU',51,2,536,75,127,0.591,1,11,0.091,74,116,0.638,0.594,29,63,0.46,63,100,163,13,21,30,35,107,180),(54,51,'CHI',19,0,314,53,143,0.371,15,52,0.288,38,91,0.418,0.423,30,39,0.769,4,29,33,20,7,1,11,19,151),(55,52,'PHO',3,3,83,16,40,0.4,4,13,0.308,12,27,0.444,0.45,11,14,0.786,3,4,7,9,4,2,10,6,47),(56,52,'MIL',71,71,2239,452,949,0.476,121,347,0.349,331,602,0.55,0.54,241,303,0.795,48,229,277,361,145,40,206,179,1266),(57,53,'LAL',5,0,45,1,5,0.2,0,2,0,1,3,0.333,0.2,1,2,0.5,0,1,1,3,1,0,3,2,3),(58,54,'SAC',78,53,2175,344,772,0.446,129,329,0.392,215,443,0.485,0.529,100,119,0.84,31,192,223,258,72,16,125,172,917),(59,55,'IND',80,80,2464,404,852,0.474,155,386,0.402,249,466,0.534,0.565,178,205,0.868,30,240,270,119,55,8,106,129,1141),(60,56,'LAL',23,5,216,17,25,0.68,0,0,17,25,1,0.68,2,2,1,26,52,78,15,4,13,19,40,36,0),(61,57,'MIL',6,0,38,3,6,0.5,0,1,0,3,5,0.6,0.5,3,6,0.5,6,4,10,0,2,0,2,3,9),(62,58,'PHO',54,54,1865,455,1054,0.432,147,384,0.383,308,670,0.46,0.501,289,329,0.878,26,218,244,253,47,14,194,168,1346),(63,59,'BRK',18,6,395,77,150,0.513,3,12,0.25,74,138,0.536,0.523,24,43,0.558,38,81,119,38,8,5,30,43,181),(64,59,'PHI',33,0,494,61,109,0.56,2,7,0.286,59,102,0.578,0.569,32,39,0.821,47,75,122,27,16,11,20,50,156),(65,59,'IND',17,1,269,39,84,0.464,3,14,0.214,36,70,0.514,0.482,10,11,0.909,32,45,77,17,4,5,9,26,91),(66,60,'GSW',1,0,1,0,1,0,0,1,0,0,0,0,0,0,0,1,1,0,0,0,0,0,0,0,0),(67,61,'DET',40,40,1268,233,570,0.409,74,194,0.381,159,376,0.423,0.474,61,80,0.763,19,75,94,83,46,7,93,80,601),(68,61,'LAC',6,6,165,26,55,0.473,1,9,0.111,25,46,0.543,0.482,2,2,1,3,19,22,11,5,1,8,12,55),(69,62,'UTA',9,0,29,3,11,0.273,0,1,0,3,10,0.3,0.273,2,2,1,4,7,11,1,0,0,0,1,8),(70,63,'LAL',54,2,694,78,172,0.453,8,43,0.186,70,129,0.543,0.477,34,51,0.667,23,70,93,41,41,8,38,83,198),(71,63,'OKC',18,16,514,64,144,0.444,23,67,0.343,41,77,0.532,0.524,31,39,0.795,20,41,61,24,38,6,11,56,182),(72,64,'MIL',48,20,1436,244,503,0.485,62,161,0.385,182,342,0.532,0.547,75,85,0.882,23,133,156,152,41,13,66,128,625),(73,65,'MIN',32,1,189,28,69,0.406,11,31,0.355,17,38,0.447,0.486,8,11,0.727,7,10,17,20,6,0,11,28,75),(74,66,'MEM',82,74,2350,340,772,0.44,94,264,0.356,246,508,0.484,0.501,124,166,0.747,49,208,257,135,73,17,124,233,898),(75,67,'MEM',7,1,193,51,102,0.5,19,32,0.594,32,70,0.457,0.593,20,23,0.87,8,13,21,25,11,3,16,6,141),(76,68,'MIN',1,0,4,1,1,1,1,1,1,0,0,1.5,0,0,0,0,0,1,0,0,0,0,3,0,0),(77,69,'HOU',20,0,115,19,58,0.328,11,40,0.275,8,18,0.444,0.422,1,2,0.5,0,7,7,11,4,0,9,6,50),(78,70,'BOS',70,70,2152,373,803,0.465,121,306,0.395,252,497,0.507,0.54,150,233,0.644,66,280,346,114,70,26,124,181,1017),(79,71,'TOR',14,0,139,14,34,0.412,2,12,0.167,12,22,0.545,0.441,2,2,1,1,14,15,13,5,0,3,7,32),(80,72,'HOU',4,0,31,2,7,0.286,1,5,0.2,1,2,0.5,0.357,0,0,1,4,5,2,0,0,2,6,5,0),(81,73,'MIL',54,4,776,82,205,0.4,32,91,0.352,50,114,0.439,0.478,21,24,0.875,27,116,143,25,31,13,25,80,217),(82,74,'ATL',4,0,10,0,2,0,0,2,0,0,0,0,0,0,0,3,3,0,0,0,0,0,0,0,0),(83,75,'LAL',15,0,72,8,21,0.381,1,10,0.1,7,11,0.636,0.405,5,9,0.556,3,14,17,6,1,2,2,6,22),(84,76,'DET',62,52,1732,267,546,0.489,125,281,0.445,142,265,0.536,0.603,39,49,0.796,27,127,154,95,47,13,47,70,698),(85,77,'NYK',36,9,785,193,384,0.503,38,105,0.362,155,279,0.556,0.552,37,57,0.649,13,58,71,170,24,4,43,43,461),(86,78,'UTA',64,1,1059,170,414,0.411,47,142,0.331,123,272,0.452,0.467,107,124,0.863,19,173,192,67,37,8,60,75,494),(87,79,'MIN',59,59,2164,437,921,0.474,70,200,0.35,367,721,0.509,0.512,363,425,0.854,79,235,314,288,116,24,108,78,1307),(88,80,'DET',29,0,427,82,198,0.414,15,45,0.333,67,153,0.438,0.452,36,41,0.878,12,29,41,59,19,2,39,39,215),(89,81,'TOR',2,0,7,0,2,0,0,2,0,0,0,0,0,0,0,1,1,1,1,0,0,1,0,0,0),(90,81,'SAC',10,0,100,9,29,0.31,3,15,0.2,6,14,0.429,0.362,5,6,0.833,7,14,21,3,2,4,4,7,26),(91,82,'CLE',57,32,914,93,185,0.503,45,97,0.464,48,88,0.545,0.624,24,30,0.8,14,70,84,117,27,2,41,81,255),(92,83,'LAL',74,74,2458,340,798,0.426,159,415,0.383,181,383,0.473,0.526,153,194,0.789,60,327,387,162,106,16,97,145,992),(93,84,'HOU',1,0,4,0,1,0,0,0,0,1,0,0,0,0,0,1,1,0,0,0,0,0,0,0,0),(94,84,'PHO',19,1,418,52,136,0.382,22,66,0.333,30,70,0.429,0.463,46,51,0.902,6,38,44,76,16,1,29,36,172),(95,85,'HOU',74,74,2034,441,676,0.652,0,1,0,441,675,0.653,0.652,144,257,0.56,241,561,802,68,58,137,103,185,1026),(96,86,'BRK',73,73,2180,325,785,0.414,145,391,0.371,180,394,0.457,0.506,188,246,0.764,105,374,479,147,59,30,103,165,983),(97,87,'SAC',58,5,1026,114,283,0.403,57,165,0.345,57,118,0.483,0.504,28,37,0.757,18,130,148,69,42,26,36,96,313),(98,88,'CHO',52,2,835,76,229,0.332,14,59,0.237,62,170,0.365,0.362,73,89,0.82,37,101,138,116,44,23,52,99,239),(99,89,'LAL',37,7,562,50,116,0.431,13,43,0.302,37,73,0.507,0.487,21,30,0.7,15,50,65,75,23,10,42,52,134),(100,90,'GSW',53,7,740,120,207,0.58,10,22,0.455,110,185,0.595,0.604,50,69,0.725,30,170,200,51,18,19,37,71,300),(101,91,'SAC',73,58,2044,388,773,0.502,3,12,0.25,385,761,0.506,0.504,153,247,0.619,131,379,510,172,77,67,109,185,932),(102,92,'ATL',39,1,518,67,152,0.441,32,89,0.36,35,63,0.556,0.546,17,21,0.81,45,82,127,27,9,4,14,61,183),(103,93,'MEM',66,10,1421,168,443,0.379,53,191,0.277,115,252,0.456,0.439,118,138,0.855,13,144,157,197,79,14,117,179,507),(104,94,'PHO',46,46,1151,121,187,0.647,0,0,121,187,1,0.647,58,93,0.624,134,284,418,53,16,27,59,106,300,0),(105,95,'DEN',74,71,2346,281,631,0.445,88,246,0.358,193,385,0.501,0.515,88,114,0.772,102,296,398,159,43,39,92,156,738),(106,96,'PHO',72,49,1527,202,477,0.423,56,190,0.295,146,287,0.509,0.482,96,158,0.608,76,319,395,83,51,70,107,205,556),(107,97,'NOP',74,2,1455,222,495,0.448,62,195,0.318,160,300,0.533,0.511,45,59,0.763,10,117,127,110,33,10,57,120,551),(108,98,'LAL',53,2,1256,299,667,0.448,68,210,0.324,231,457,0.505,0.499,105,132,0.795,44,115,159,173,39,3,95,63,771),(109,98,'CLE',28,0,632,131,287,0.456,44,108,0.407,87,179,0.486,0.533,47,58,0.81,13,45,58,48,19,3,32,44,353),(110,99,'DAL',7,0,64,6,18,0.333,6,15,0.4,0,3,0,0.5,2,2,1,1,6,7,3,2,0,2,8,20),(111,100,'DAL',13,0,81,4,14,0.286,0,1,0,4,13,0.308,0.286,2,4,0.5,2,8,10,2,6,4,2,11,10),(112,100,'ATL',4,0,42,4,7,0.571,3,3,1,1,4,0.25,0.786,2,2,1,1,3,4,0,1,1,5,12,13),(113,101,'ATL',74,26,1785,314,545,0.576,16,47,0.34,298,498,0.598,0.591,133,186,0.715,176,365,541,98,47,80,105,215,777),(114,102,'POR',66,1,1045,115,289,0.398,35,113,0.31,80,176,0.455,0.458,27,42,0.643,45,176,221,52,17,31,58,133,292),(115,103,'DAL',32,2,480,38,99,0.384,4,17,0.235,34,82,0.415,0.404,21,40,0.525,32,75,107,56,17,9,24,44,101),(116,104,'IND',69,64,2018,316,638,0.495,96,205,0.468,220,433,0.508,0.571,127,144,0.882,37,141,178,368,92,15,86,122,855),(117,105,'OKC',15,0,75,13,19,0.684,0,0,13,19,1,0.684,5,13,0.385,7,13,20,4,0,0,7,7,31,0),(118,106,'MEM',12,12,373,64,168,0.381,24,77,0.312,40,91,0.44,0.452,53,66,0.803,0,27,27,49,12,3,18,24,205),(119,107,'POR',82,5,1488,165,390,0.423,74,210,0.352,91,180,0.506,0.518,37,44,0.841,36,125,161,91,23,22,43,120,441),(120,108,'GSW',33,18,740,122,252,0.484,46,104,0.442,76,148,0.514,0.575,22,25,0.88,10,72,82,89,12,1,32,59,312),(121,109,'NOP',13,0,38,2,14,0.143,1,8,0.125,1,6,0.167,0.179,1,2,0.5,0,2,2,1,1,0,1,0,6),(122,110,'SAC',7,0,87,13,27,0.481,0,0,13,27,0,0.481,14,19,0.737,14,16,30,6,1,0,3,13,40,0),(123,111,'SAS',4,0,32,2,4,0.5,0,0,2,4,1,0.5,0,0,1,8,9,2,2,2,1,7,4,0,0),(124,112,'NOP',48,48,1737,406,864,0.47,104,294,0.354,302,570,0.53,0.53,294,394,0.746,105,512,617,257,79,76,242,183,1210),(125,113,'PHI',80,80,2532,345,836,0.413,203,550,0.369,142,286,0.497,0.534,116,136,0.853,55,378,433,156,137,72,126,238,1009),(126,114,'BRK',75,68,2197,337,827,0.407,201,532,0.378,136,295,0.461,0.529,115,135,0.852,28,296,324,117,47,35,78,168,990),(127,115,'DEN',39,5,629,62,137,0.453,17,58,0.293,45,79,0.57,0.515,22,35,0.629,40,87,127,25,12,15,20,63,163),(128,116,'MIN',80,0,1653,308,742,0.415,104,314,0.331,204,428,0.477,0.485,102,113,0.903,21,78,99,185,40,9,95,85,822),(129,117,'NOP',5,0,53,12,27,0.444,8,14,0.571,4,13,0.308,0.593,1,1,1,2,2,4,13,1,1,5,7,33),(130,118,'CLE',53,47,1346,157,376,0.418,62,189,0.328,95,187,0.508,0.5,78,92,0.848,41,132,173,58,41,12,42,124,454),(131,118,'UTA',27,0,744,114,295,0.386,48,152,0.316,66,143,0.462,0.468,43,56,0.768,18,84,102,41,23,9,32,63,319),(132,119,'NOP',51,24,1115,99,225,0.44,35,108,0.324,64,117,0.547,0.518,20,36,0.556,50,143,193,26,27,16,16,75,253),(133,119,'BRK',22,1,447,65,139,0.468,23,60,0.383,42,79,0.532,0.55,11,16,0.688,28,77,105,22,12,14,17,36,164),(134,120,'GSW',51,51,1631,428,864,0.495,212,501,0.423,216,363,0.595,0.618,278,302,0.921,36,225,261,310,80,8,153,114,1346),(135,121,'PHO',79,15,1622,232,575,0.403,183,458,0.4,49,117,0.419,0.563,56,64,0.875,12,115,127,48,26,5,56,137,703),(136,122,'NOP',75,75,2727,780,1462,0.534,55,162,0.34,725,1300,0.558,0.552,495,598,0.828,187,645,832,174,115,193,162,159,2110),(137,123,'MEM',62,6,943,161,265,0.608,0,0,161,265,1,0.608,38,57,0.667,75,175,250,40,15,39,32,125,360,0),(138,124,'POR',78,0,1471,170,292,0.582,0,1,0,170,291,0.584,0.582,74,111,0.667,183,392,575,40,32,52,66,188,414),(139,125,'ATL',62,46,1542,250,477,0.524,50,141,0.355,200,336,0.595,0.577,67,86,0.779,100,389,489,90,40,51,86,162,617),(140,126,'LAC',73,1,883,128,259,0.494,10,60,0.167,118,199,0.593,0.514,37,56,0.661,44,130,174,38,24,9,33,71,303),(141,127,'ATL',54,3,1014,109,285,0.382,46,124,0.371,63,161,0.391,0.463,74,92,0.804,9,91,100,163,35,6,66,82,338),(142,128,'MIL',38,3,712,55,152,0.362,29,78,0.372,26,74,0.351,0.457,25,27,0.926,14,50,64,145,14,0,49,67,164),(143,129,'LAL',1,1,13,1,2,0.5,0,0,1,2,1,0.5,0,0,0,0,0,1,1,0,1,0,2,0,0),(144,130,'TOR',80,80,2711,645,1413,0.456,89,287,0.31,556,1126,0.494,0.488,461,559,0.825,59,256,315,417,85,22,175,151,1840),(145,131,'NOP',52,0,581,102,176,0.58,0,0,102,176,1,0.58,50,66,0.758,47,164,211,19,11,21,28,82,254,0),(146,132,'MIN',79,0,1333,186,388,0.479,19,61,0.311,167,327,0.511,0.504,79,102,0.775,106,254,360,71,45,39,59,147,470),(147,133,'BRK',80,58,2306,324,838,0.387,141,433,0.326,183,405,0.452,0.471,218,268,0.813,40,219,259,524,68,23,128,186,1007),(148,134,'ATL',56,5,974,144,382,0.377,72,199,0.362,72,183,0.393,0.471,45,63,0.714,17,113,130,79,17,5,37,63,405),(149,135,'NYK',44,2,474,72,161,0.447,22,68,0.324,50,93,0.538,0.516,16,23,0.696,9,75,84,31,12,2,17,34,182),(150,136,'BRK',10,0,125,13,47,0.277,4,23,0.174,9,24,0.375,0.319,4,8,0.5,3,15,18,10,6,2,2,13,34),(151,137,'OKC',2,0,3,1,2,0.5,0,0,1,2,1,0.5,0,0,0,1,1,0,0,0,1,1,2,0,0),(152,138,'MIA',75,75,2378,484,1075,0.45,111,300,0.37,373,775,0.481,0.502,217,271,0.801,54,253,307,359,63,12,166,180,1296),(153,139,'PHI',3,0,15,1,7,0.143,0,3,0,1,4,0.25,0.143,0,0,1,0,1,2,0,0,1,2,2,0),(154,139,'NOP',7,0,55,6,17,0.353,3,6,0.5,3,11,0.273,0.441,0,0,2,0,2,8,0,0,2,4,15,0),(155,140,'DET',78,78,2625,466,881,0.529,0,11,0,466,870,0.536,0.529,239,395,0.605,399,848,1247,237,114,127,200,250,1171),(156,141,'PHO',48,0,686,48,122,0.393,29,80,0.363,19,42,0.452,0.512,27,35,0.771,8,86,94,78,24,11,28,85,152),(157,142,'CHI',52,43,1525,286,666,0.429,43,134,0.321,243,532,0.457,0.462,84,114,0.737,24,197,221,310,104,27,150,174,699),(158,143,'GSW',68,68,2325,630,1222,0.516,173,413,0.419,457,809,0.565,0.586,359,404,0.889,31,433,464,366,50,119,207,133,1792),(159,144,'BOS',2,0,6,0,1,0,0,1,0,0,0,0,0,0,0,1,1,0,1,0,0,0,0,0,0),(160,144,'CHI',1,0,3,0,1,0,0,1,0,0,0,0,0,0,0,0,0,0,0,0,0,0,0,0,0),(161,145,'DET',38,0,329,53,146,0.363,20,60,0.333,33,86,0.384,0.432,25,29,0.862,10,71,81,20,5,0,18,22,151),(162,146,'MIA',77,2,2041,285,700,0.407,227,579,0.392,58,121,0.479,0.569,67,78,0.859,23,195,218,79,53,8,52,94,864),(163,147,'PHI',63,63,1912,510,1056,0.483,66,214,0.308,444,842,0.527,0.514,359,467,0.769,143,547,690,199,40,111,234,209,1445),(164,148,'MEM',45,14,1053,108,222,0.486,30,84,0.357,78,138,0.565,0.554,64,73,0.877,53,104,157,49,32,12,38,81,310),(165,148,'DET',27,8,551,74,162,0.457,21,69,0.304,53,93,0.57,0.522,33,43,0.767,20,47,67,22,15,6,18,53,202),(166,149,'LAL',54,11,683,94,224,0.42,14,56,0.25,80,168,0.476,0.451,22,29,0.759,19,76,95,105,30,10,38,75,224),(167,150,'LAC',48,4,778,89,253,0.352,15,54,0.278,74,199,0.372,0.381,38,49,0.776,9,75,84,100,36,6,44,97,231),(168,151,'ATL',1,0,5,1,1,1,0,0,1,1,1,1,0,0,1,0,1,0,0,0,1,1,2,0,0),(169,152,'MEM',52,32,1607,366,809,0.452,114,286,0.399,252,523,0.482,0.523,164,209,0.785,44,221,265,269,57,17,117,96,1010),(170,153,'UTA',14,0,235,42,87,0.483,5,18,0.278,37,69,0.536,0.511,25,31,0.806,4,22,26,43,8,3,20,20,114),(171,154,'DEN',32,7,461,76,148,0.514,0,1,0,76,147,0.517,0.514,36,51,0.706,68,85,153,18,12,13,23,51,188),(172,155,'UTA',77,77,2153,395,702,0.563,14,63,0.222,381,639,0.596,0.573,140,215,0.651,198,354,552,102,54,82,88,164,944),(173,156,'CHI',14,0,134,20,66,0.303,4,18,0.222,16,48,0.333,0.333,11,12,0.917,1,13,14,20,3,1,15,11,55),(174,156,'DET',2,0,6,1,4,0.25,0,1,0,1,3,0.333,0.25,0,0,2,2,4,0,0,0,1,0,2,0),(175,157,'CHI',55,16,977,127,215,0.591,0,2,0,127,213,0.596,0.591,54,81,0.667,83,150,233,55,16,11,54,104,308),(176,158,'OKC',82,2,1365,224,552,0.406,81,230,0.352,143,322,0.444,0.479,36,44,0.818,25,131,156,203,49,16,76,91,565),(177,159,'OKC',61,12,763,70,169,0.414,40,120,0.333,30,49,0.612,0.533,9,10,0.9,19,28,47,19,24,10,11,83,189),(178,160,'DAL',82,21,2282,311,730,0.426,134,359,0.373,177,371,0.477,0.518,82,103,0.796,26,223,249,201,64,9,78,153,838),(179,161,'DAL',21,13,448,46,121,0.38,20,67,0.299,26,54,0.481,0.463,11,15,0.733,22,53,75,26,10,4,21,43,123),(180,162,'SAS',80,12,1517,209,497,0.421,89,228,0.39,120,269,0.446,0.51,48,72,0.667,12,98,110,80,28,2,37,108,555),(181,163,'ORL',57,57,1837,368,802,0.459,127,335,0.379,241,467,0.516,0.538,150,173,0.867,23,157,180,165,47,16,95,138,1013),(182,164,'SAC',73,60,2026,328,797,0.412,47,153,0.307,281,644,0.436,0.441,141,195,0.723,33,171,204,320,70,20,173,163,844),(183,165,'WAS',59,11,838,68,172,0.395,17,56,0.304,51,116,0.44,0.445,23,30,0.767,18,97,115,194,47,7,57,97,176),(184,166,'CLE',44,1,545,84,169,0.497,30,90,0.333,54,79,0.684,0.586,14,15,0.933,10,100,110,28,17,12,17,54,212),(185,166,'LAL',9,0,150,20,43,0.465,9,25,0.36,11,18,0.611,0.57,3,4,0.75,2,23,25,10,1,1,4,15,52),(186,167,'PHI',14,0,253,45,111,0.405,0,1,0,45,110,0.409,0.405,10,21,0.476,11,32,43,53,12,4,17,22,100),(187,168,'LAC',21,21,671,102,256,0.398,36,111,0.324,66,145,0.455,0.469,81,87,0.931,9,92,101,41,12,10,26,30,321),(188,169,'DET',58,2,863,126,340,0.371,75,218,0.344,51,122,0.418,0.481,33,41,0.805,13,79,92,58,35,5,18,39,360),(189,170,'MEM',73,73,2408,434,1033,0.42,109,320,0.341,325,713,0.456,0.473,281,337,0.834,78,514,592,305,54,101,194,185,1258),(190,171,'SAS',77,63,1812,287,627,0.458,43,120,0.358,244,507,0.481,0.492,158,209,0.756,129,490,619,238,24,79,108,121,775),(191,172,'SAS',57,6,1231,253,537,0.471,37,118,0.314,216,419,0.516,0.506,112,145,0.772,76,215,291,73,46,38,78,98,655),(192,173,'OKC',79,79,2891,576,1340,0.43,244,609,0.401,332,731,0.454,0.521,338,411,0.822,72,375,447,263,161,39,212,233,1734),(193,174,'MIN',42,0,224,21,48,0.438,4,15,0.267,17,33,0.515,0.479,13,21,0.619,7,9,16,7,6,0,3,32,59),(194,175,'BOS',4,0,40,14,23,0.609,6,12,0.5,8,11,0.727,0.739,0,0,0,3,3,4,0,0,3,5,34,0),(195,176,'MIN',82,82,2726,425,737,0.577,7,35,0.2,418,702,0.595,0.581,142,185,0.768,194,390,584,99,62,59,89,218,999),(196,177,'SAS',65,0,1299,201,463,0.434,64,192,0.333,137,271,0.506,0.503,110,131,0.84,19,123,142,163,43,16,105,126,576),(197,178,'UTA',56,56,1816,276,444,0.622,0,0,276,444,1,0.622,204,299,0.682,165,436,601,80,44,129,107,153,756,0),(198,179,'ORL',58,57,1909,375,865,0.434,115,342,0.336,260,523,0.497,0.5,157,225,0.698,87,370,457,136,59,45,107,111,1022),(199,180,'HOU',69,30,2154,415,970,0.428,218,608,0.359,197,362,0.544,0.54,195,241,0.809,25,145,170,154,44,27,130,116,1243),(200,181,'WAS',82,82,2075,290,560,0.518,0,0,290,560,1,0.518,110,163,0.675,181,442,623,151,40,61,99,175,690,0),(201,182,'CHO',63,2,1050,96,221,0.434,40,97,0.412,56,124,0.452,0.525,41,59,0.695,42,79,121,59,33,2,27,109,273),(202,183,'OKC',81,1,1647,244,456,0.535,32,110,0.291,212,346,0.613,0.57,162,240,0.675,86,233,319,57,31,77,54,155,682),(203,184,'CHI',74,26,1686,209,503,0.416,61,187,0.326,148,316,0.468,0.476,140,188,0.745,31,141,172,342,63,8,89,132,619),(204,185,'PHO',5,0,86,11,41,0.268,3,13,0.231,8,28,0.286,0.305,7,11,0.636,2,8,10,12,8,2,7,8,32),(205,186,'SAS',70,60,1791,217,561,0.387,116,320,0.363,101,241,0.419,0.49,50,65,0.769,41,208,249,110,63,80,74,122,600),(206,187,'GSW',70,70,2287,281,619,0.454,77,256,0.301,204,363,0.562,0.516,134,173,0.775,75,460,535,508,95,91,202,185,773),(207,188,'HOU',41,2,929,168,413,0.407,110,298,0.369,58,115,0.504,0.54,51,60,0.85,15,118,133,25,24,15,31,87,497),(208,189,'MEM',55,54,1542,223,488,0.457,43,127,0.339,180,361,0.499,0.501,80,111,0.721,147,317,464,79,32,25,76,153,569),(209,190,'CLE',78,13,1828,295,618,0.477,53,170,0.312,242,448,0.54,0.52,203,234,0.868,60,186,246,99,41,34,75,149,846),(210,191,'LAC',33,33,1139,255,578,0.441,64,187,0.342,191,391,0.488,0.497,172,219,0.785,46,216,262,179,30,9,99,78,746),(211,191,'DET',25,25,831,181,418,0.433,47,135,0.348,134,283,0.473,0.489,87,111,0.784,27,139,166,155,11,9,66,61,496),(212,192,'OKC',6,0,28,5,11,0.455,2,5,0.4,3,6,0.5,0.545,0,0,0,5,5,8,1,0,2,2,12,0),(213,193,'NYK',57,54,1885,360,856,0.421,130,410,0.317,230,446,0.516,0.496,146,179,0.816,32,192,224,155,62,10,92,123,996),(214,194,'HOU',72,72,2551,651,1449,0.449,265,722,0.367,386,727,0.531,0.541,624,727,0.858,41,348,389,630,126,50,315,169,2191),(215,195,'POR',59,36,1264,147,297,0.495,49,118,0.415,98,179,0.547,0.577,42,59,0.712,46,116,162,53,48,43,40,103,385),(216,196,'LAC',76,3,1293,348,548,0.635,1,7,0.143,347,541,0.641,0.636,139,222,0.626,103,203,306,74,36,52,68,143,836),(217,197,'DAL',44,1,807,118,284,0.415,44,125,0.352,74,159,0.465,0.493,93,112,0.83,9,76,85,85,33,8,49,103,373),(218,197,'DEN',27,0,533,69,170,0.406,35,102,0.343,34,68,0.5,0.509,49,58,0.845,3,39,42,67,14,4,27,55,222),(219,198,'DEN',67,65,2304,440,908,0.485,156,394,0.396,284,514,0.553,0.57,134,162,0.827,37,139,176,194,122,15,119,119,1170),(220,199,'BRK',78,14,1975,305,621,0.491,150,358,0.419,155,263,0.589,0.612,86,104,0.827,51,209,260,128,35,20,91,153,846),(221,200,'DET',48,48,1563,320,709,0.451,113,276,0.409,207,433,0.478,0.531,115,136,0.846,36,208,244,94,34,15,51,91,868),(222,200,'LAC',32,32,1105,242,512,0.473,70,169,0.414,172,343,0.501,0.541,64,80,0.8,22,171,193,98,37,20,54,73,618),(223,201,'DAL',9,3,233,19,69,0.275,9,43,0.209,10,26,0.385,0.341,13,17,0.765,4,20,24,11,9,2,3,27,60),(224,202,'MEM',56,46,1326,181,429,0.422,47,142,0.331,134,287,0.467,0.477,124,159,0.78,23,108,131,177,38,26,81,138,533),(225,203,'PHO',23,2,384,59,124,0.476,6,26,0.231,53,98,0.541,0.5,28,38,0.737,9,52,61,55,26,7,22,42,152),(226,204,'LAL',63,23,1461,176,375,0.469,78,197,0.396,98,178,0.551,0.573,66,94,0.702,42,221,263,80,47,16,47,107,496),(227,205,'MIA',14,0,72,3,15,0.2,1,8,0.125,2,7,0.286,0.233,1,2,0.5,3,7,10,5,0,2,2,3,8),(228,206,'LAL',2,0,11,1,3,0.333,0,2,0,1,1,1,0.333,1,1,1,0,0,0,2,0,0,0,0,3),(229,206,'TOR',2,0,6,2,2,1,2,2,1,0,0,1.5,0,0,0,0,0,0,0,0,1,0,6,0,0),(230,206,'SAC',5,0,105,8,28,0.286,2,12,0.167,6,16,0.375,0.321,0,2,0,4,18,22,4,2,3,1,8,18),(231,207,'BOS',1,1,5,1,2,0.5,0,1,0,1,1,1,0.5,0,0,0,1,1,0,0,0,0,1,2,0),(232,208,'DET',3,0,7,1,2,0.5,1,2,0.5,0,0,0.75,0,0,0,0,0,0,0,0,0,0,3,0,0),(233,209,'MEM',20,0,378,41,109,0.376,19,58,0.328,22,51,0.431,0.463,6,10,0.6,10,28,38,22,31,6,19,28,107),(234,210,'MIL',76,69,1970,287,502,0.572,1,7,0.143,286,495,0.578,0.573,90,158,0.57,150,363,513,114,45,109,84,202,665),(235,211,'DEN',25,3,277,29,75,0.387,14,50,0.28,15,25,0.6,0.48,10,12,0.833,18,36,54,12,6,3,9,25,82),(236,212,'NYK',26,0,233,49,81,0.605,1,5,0.2,48,76,0.632,0.611,12,28,0.429,22,45,67,21,8,7,26,32,111),(237,212,'CHO',22,1,262,42,83,0.506,4,7,0.571,38,76,0.5,0.53,47,62,0.758,39,77,116,12,10,9,9,32,135),(238,213,'ORL',75,30,1657,273,617,0.442,90,267,0.337,183,350,0.523,0.515,86,105,0.819,41,240,281,106,81,31,86,134,722),(239,214,'NYK',18,0,240,33,72,0.458,2,9,0.222,31,63,0.492,0.472,12,18,0.667,10,31,41,16,2,4,16,45,80),(240,215,'SAC',80,12,2024,416,933,0.446,176,408,0.431,240,525,0.457,0.54,71,81,0.877,55,252,307,155,85,22,124,148,1079),(241,216,'HOU',52,4,758,136,239,0.569,0,2,0,136,237,0.574,0.569,68,107,0.636,54,122,176,45,28,14,38,123,340),(242,217,'SAC',43,36,1143,153,326,0.469,58,128,0.453,95,198,0.48,0.558,77,99,0.778,22,95,117,119,39,12,60,75,441),(243,217,'CLE',24,24,669,83,187,0.444,27,77,0.351,56,110,0.509,0.516,33,41,0.805,20,44,64,67,22,15,28,53,226),(244,218,'NOP',12,1,187,11,41,0.268,4,21,0.19,7,20,0.35,0.317,3,6,0.5,9,27,36,22,7,1,9,22,29),(245,219,'SAS',14,0,95,5,19,0.263,0,6,0,5,13,0.385,0.263,6,7,0.857,0,7,7,11,2,0,4,7,16),(246,220,'NOP',81,81,2927,615,1244,0.494,120,356,0.337,495,888,0.557,0.543,187,238,0.786,62,303,365,486,123,64,213,201,1537),(247,221,'CHI',72,72,2265,290,782,0.371,161,449,0.359,129,333,0.387,0.474,135,164,0.823,31,260,291,153,80,31,93,134,876),(248,222,'CLE',24,0,174,17,59,0.288,11,36,0.306,6,23,0.261,0.381,9,13,0.692,6,18,24,5,7,2,8,10,54),(249,223,'BRK',68,59,1920,342,724,0.472,13,54,0.241,329,670,0.491,0.481,249,316,0.788,101,358,459,167,65,48,121,145,946),(250,224,'PHI',48,2,746,135,241,0.56,4,31,0.129,131,210,0.624,0.568,37,56,0.661,57,154,211,61,20,29,25,97,311),(251,225,'UTA',39,12,1084,234,552,0.424,102,262,0.389,132,290,0.455,0.516,85,97,0.876,14,97,111,65,30,7,63,64,655),(252,225,'CLE',21,11,532,88,199,0.442,25,71,0.352,63,128,0.492,0.505,26,32,0.813,8,46,54,30,15,5,7,41,227),(253,226,'DAL',1,0,8,0,1,0,0,0,0,1,0,0,1,2,0.5,0,0,0,1,0,0,1,0,1,0),(254,227,'BOS',72,72,2277,368,753,0.489,97,226,0.429,271,527,0.514,0.553,94,120,0.783,103,427,530,339,43,78,132,138,927),(255,228,'PHO',23,3,403,56,129,0.434,15,58,0.259,41,71,0.577,0.492,25,31,0.806,13,63,76,25,7,6,11,23,152),(256,229,'CHO',81,81,2463,506,911,0.555,1,7,0.143,505,904,0.559,0.556,334,582,0.574,255,757,1012,105,48,131,208,249,1347),(257,230,'OKC',69,10,982,60,182,0.33,33,115,0.287,27,67,0.403,0.42,6,20,0.3,42,119,161,20,15,43,26,82,159),(258,231,'HOU',5,1,45,7,20,0.35,3,14,0.214,4,6,0.667,0.425,2,2,1,0,5,5,3,3,0,2,7,19),(259,232,'MEM',4,0,7,3,5,0.6,0,0,3,5,1,0.6,0,0,2,1,3,0,0,1,1,0,6,0,0),(260,233,'TOR',76,76,2093,379,784,0.483,107,297,0.36,272,487,0.559,0.552,94,118,0.797,78,400,478,62,29,99,90,209,959),(261,234,'GSW',64,7,1622,148,320,0.463,33,117,0.282,115,203,0.567,0.514,55,87,0.632,50,196,246,210,54,38,67,99,384),(262,235,'ATL',46,40,1175,184,401,0.459,61,170,0.359,123,231,0.532,0.535,72,90,0.8,74,177,251,51,44,17,43,92,501),(263,235,'PHI',23,3,554,93,212,0.439,30,83,0.361,63,129,0.488,0.509,33,45,0.733,44,110,154,39,17,9,29,65,249),(264,236,'UTA',82,81,2578,335,718,0.467,204,464,0.44,131,254,0.516,0.609,66,83,0.795,24,320,344,392,90,20,159,178,940),(265,237,'LAL',2,0,64,8,17,0.471,5,9,0.556,3,8,0.375,0.618,3,3,1,1,5,6,7,3,3,3,3,24),(266,238,'LAL',59,59,1975,358,761,0.47,41,105,0.39,317,656,0.483,0.497,192,282,0.681,57,257,314,230,45,43,149,163,949),(267,239,'BOS',60,60,1931,534,1087,0.491,166,407,0.408,368,680,0.541,0.568,232,261,0.889,33,194,227,306,65,17,140,122,1466),(268,240,'ORL',27,10,536,55,145,0.379,16,46,0.348,39,99,0.394,0.434,19,25,0.76,16,83,99,18,33,30,27,48,145),(269,241,'ORL',62,12,1020,93,218,0.427,9,46,0.196,84,172,0.488,0.447,34,47,0.723,36,101,137,57,33,12,30,81,229),(270,242,'NYK',62,56,1548,189,443,0.427,25,86,0.291,164,357,0.459,0.455,63,75,0.84,22,169,191,348,35,4,115,98,466),(271,243,'HOU',1,0,35,3,9,0.333,1,4,0.25,2,5,0.4,0.389,1,2,0.5,2,1,3,1,0,0,1,4,8),(272,244,'HOU',12,0,63,4,14,0.286,0,6,0,4,8,0.5,0.286,0,0,4,7,11,5,4,1,9,6,8,0),(273,244,'PHI',3,0,17,3,4,0.75,1,1,1,2,3,0.667,0.875,1,2,0.5,1,0,1,4,1,0,1,1,8),(274,245,'PHO',77,35,1959,389,932,0.417,57,217,0.263,332,715,0.464,0.448,177,279,0.634,95,256,351,119,80,35,146,218,1012),(275,246,'SAC',68,41,1506,185,419,0.442,57,185,0.308,128,234,0.547,0.51,26,36,0.722,27,160,187,74,28,13,40,81,453),(276,247,'DET',45,45,1201,246,577,0.426,52,169,0.308,194,408,0.475,0.471,112,134,0.836,29,96,125,238,27,4,99,87,656),(277,248,'CLE',82,82,3026,857,1580,0.542,149,406,0.367,708,1174,0.603,0.59,388,531,0.731,97,612,709,747,116,71,347,136,2251),(278,249,'PHO',32,10,669,121,312,0.388,26,97,0.268,95,215,0.442,0.429,64,84,0.762,12,77,89,120,27,7,48,45,332),(279,249,'NOP',4,0,18,2,9,0.222,0,1,0,2,8,0.25,0.222,0,0,1,0,1,6,1,0,1,3,4,0),(280,250,'IND',36,1,484,111,208,0.534,0,3,0,111,205,0.541,0.534,30,36,0.833,30,113,143,30,16,23,21,66,252),(281,251,'DEN',20,0,163,12,27,0.444,2,7,0.286,10,20,0.5,0.481,4,7,0.571,2,15,17,15,2,1,5,11,30),(282,252,'MIL',14,0,205,27,72,0.375,9,33,0.273,18,39,0.462,0.438,10,10,1,5,26,31,44,6,4,18,11,73),(283,253,'UTA',74,19,1134,159,341,0.466,65,157,0.414,94,184,0.511,0.562,46,57,0.807,53,193,246,42,24,12,27,127,429),(284,254,'PHI',74,18,1171,140,260,0.538,10,32,0.313,130,228,0.57,0.558,52,85,0.612,123,207,330,118,45,44,55,192,342),(285,255,'LAC',9,0,38,7,11,0.636,0,1,0,7,10,0.7,0.636,2,2,1,2,11,13,1,6,2,4,7,16),(286,255,'MEM',9,0,60,13,31,0.419,0,0,13,31,0,0.419,1,3,0.333,7,11,18,1,3,4,1,6,27,0),(287,256,'OKC',31,6,161,22,39,0.564,0,0,22,39,1,0.564,11,20,0.55,16,18,34,8,6,8,3,27,55,0),(288,257,'MIA',73,41,1943,309,614,0.503,57,185,0.308,252,429,0.587,0.55,113,162,0.698,61,297,358,280,70,51,141,192,788),(289,258,'UTA',32,3,700,95,226,0.42,23,84,0.274,72,142,0.507,0.471,20,24,0.833,12,95,107,45,12,6,31,32,233),(290,258,'HOU',23,1,505,51,134,0.381,17,61,0.279,34,73,0.466,0.444,20,21,0.952,2,63,65,38,6,1,18,35,139),(291,259,'MEM',4,0,75,9,21,0.429,4,12,0.333,5,9,0.556,0.524,0,0,4,7,11,7,2,0,3,6,22,0),(292,260,'DET',69,50,1894,210,560,0.375,67,234,0.286,143,326,0.439,0.435,112,145,0.772,33,219,252,112,95,14,77,169,599),(293,261,'MIA',72,39,2052,309,711,0.435,119,324,0.367,190,387,0.491,0.518,106,129,0.822,34,214,248,165,60,34,81,148,843),(294,262,'LAC',74,40,1486,150,368,0.408,60,177,0.339,90,191,0.471,0.489,43,58,0.741,29,187,216,61,76,62,55,146,403),(295,263,'DEN',75,73,2443,504,1010,0.499,111,280,0.396,393,730,0.538,0.554,266,313,0.85,195,608,803,458,90,61,210,212,1385),(296,264,'GSW',15,0,89,11,22,0.5,0,0,11,22,1,0.5,3,5,0.6,5,9,14,2,1,3,4,14,25,0),(297,265,'PHO',6,0,33,2,4,0.5,0,2,0,2,2,1,0.5,5,6,0.833,2,2,4,3,1,4,1,2,9),(298,265,'MIA',14,8,212,19,49,0.388,3,16,0.188,16,33,0.485,0.418,11,18,0.611,19,15,34,6,3,9,6,22,52),(299,266,'NOP',4,0,19,1,4,0.25,1,1,1,0,3,0,0.375,2,2,1,0,3,3,0,0,0,0,2,5),(300,266,'DAL',12,0,162,25,64,0.391,9,25,0.36,16,39,0.41,0.461,10,17,0.588,13,22,35,4,5,1,7,20,69),(301,267,'MIN',82,11,1467,150,328,0.457,45,129,0.349,105,199,0.528,0.526,71,81,0.877,16,116,132,232,95,6,59,110,416),(302,268,'LAC',77,77,2424,373,578,0.645,0,0,373,578,1,0.645,181,312,0.58,329,842,1171,117,39,71,137,203,927,0),(303,269,'IND',82,17,2210,256,604,0.424,67,190,0.353,189,414,0.457,0.479,70,94,0.745,39,224,263,260,80,18,87,141,649),(304,270,'CHO',79,4,1835,307,716,0.429,104,274,0.38,203,442,0.459,0.501,155,194,0.799,46,242,288,129,36,19,66,95,873),(305,271,'NYK',71,71,1830,422,713,0.592,0,2,0,422,711,0.594,0.592,156,184,0.848,273,507,780,105,36,37,122,187,1000),(306,272,'DET',73,9,1463,206,465,0.443,81,195,0.415,125,270,0.463,0.53,65,76,0.855,21,155,176,124,44,13,69,86,558),(307,273,'CHO',74,74,1850,282,560,0.504,0,2,0,282,558,0.505,0.504,117,171,0.684,84,218,302,71,51,32,53,143,681),(308,274,'BRK',16,0,183,25,87,0.287,11,43,0.256,14,44,0.318,0.351,18,19,0.947,1,34,35,15,2,1,16,8,79),(309,274,'MIL',23,0,205,31,82,0.378,13,46,0.283,18,36,0.5,0.457,18,19,0.947,1,24,25,15,5,1,9,15,93),(310,274,'LAC',4,0,38,7,18,0.389,3,7,0.429,4,11,0.364,0.472,2,2,1,0,2,2,3,0,0,1,2,19),(311,274,'CHI',9,1,214,47,107,0.439,19,48,0.396,28,59,0.475,0.528,26,32,0.813,3,22,25,13,6,3,12,8,139),(312,275,'DAL',72,36,1206,151,309,0.489,40,128,0.313,111,181,0.613,0.553,44,59,0.746,71,163,234,51,26,47,30,114,386),(313,276,'PHI',14,0,80,8,28,0.286,5,17,0.294,3,11,0.273,0.375,2,4,0.5,2,9,11,4,2,1,2,12,23),(314,277,'NYK',20,1,326,49,125,0.392,28,79,0.354,21,46,0.457,0.504,8,11,0.727,11,53,64,26,6,16,12,28,134),(315,278,'CLE',73,4,1574,222,484,0.459,164,376,0.436,58,108,0.537,0.628,64,72,0.889,9,156,165,88,31,27,55,130,672),(316,279,'SAC',71,13,1391,222,389,0.571,0,0,222,389,1,0.571,33,74,0.446,149,323,472,87,47,32,49,146,477,0),(317,280,'LAL',77,37,2401,468,1039,0.45,159,434,0.366,309,605,0.511,0.527,147,208,0.707,88,395,483,141,49,34,140,160,1242),(318,281,'NYK',1,0,2,0,2,0,0,0,0,2,0,0,0,0,0,0,0,0,0,0,0,0,0,0,0),(319,282,'SAC',60,28,1240,205,458,0.448,18,51,0.353,187,407,0.459,0.467,95,118,0.805,99,189,288,72,25,49,73,132,523),(320,283,'CHO',80,18,1967,380,832,0.457,94,254,0.37,286,578,0.495,0.513,179,208,0.861,49,275,324,186,61,32,93,138,1033),(321,284,'BOS',54,2,775,84,219,0.384,31,86,0.36,53,133,0.398,0.454,32,37,0.865,15,77,92,98,29,2,33,58,231),(322,285,'SAS',55,1,534,98,190,0.516,0,5,0,98,185,0.53,0.516,30,47,0.638,63,108,171,41,9,3,33,45,226),(323,286,'CHI',24,24,656,136,355,0.383,42,123,0.341,94,232,0.405,0.442,87,107,0.813,9,85,94,72,24,4,43,55,401),(324,287,'POR',35,1,160,14,47,0.298,4,20,0.2,10,27,0.37,0.34,2,3,0.667,4,12,16,11,6,4,5,13,34),(325,288,'IND',53,0,459,64,136,0.471,18,42,0.429,46,94,0.489,0.537,10,16,0.625,29,53,82,9,5,4,10,45,156),(326,289,'NYK',76,69,2310,343,755,0.454,113,278,0.406,230,477,0.482,0.529,114,124,0.919,30,194,224,180,80,17,84,109,913),(327,290,'ATL',15,11,404,62,152,0.408,15,60,0.25,47,92,0.511,0.457,22,29,0.759,11,60,71,29,19,1,14,25,161),(328,291,'NOP',5,0,35,7,16,0.438,1,1,1,6,15,0.4,0.469,2,3,0.667,0,2,2,5,0,1,4,5,17),(329,292,'PHO',69,13,1395,214,378,0.566,1,3,0.333,213,375,0.568,0.567,158,231,0.684,175,343,518,82,27,61,78,158,587),(330,293,'SAS',9,9,210,52,111,0.468,11,35,0.314,41,76,0.539,0.518,31,38,0.816,6,36,42,21,18,9,16,9,146),(331,294,'POR',33,2,254,46,78,0.59,11,26,0.423,35,52,0.673,0.66,9,11,0.818,12,58,70,17,7,0,10,36,112),(332,295,'DET',8,0,136,15,36,0.417,0,3,0,15,33,0.455,0.417,13,15,0.867,7,25,32,5,1,3,7,16,43),(333,296,'BRK',71,10,1864,320,735,0.435,85,245,0.347,235,490,0.48,0.493,133,187,0.711,53,207,260,299,82,22,153,159,858),(334,297,'MIL',31,1,480,22,65,0.338,11,36,0.306,11,29,0.379,0.423,2,5,0.4,5,44,49,27,27,10,13,61,57),(335,297,'NOP',27,3,244,18,41,0.439,8,17,0.471,10,24,0.417,0.537,0,0,2,24,26,21,10,4,7,20,44,0),(336,298,'POR',73,73,2670,621,1415,0.439,227,629,0.361,394,786,0.501,0.519,493,538,0.916,62,263,325,481,77,27,206,117,1962),(337,299,'BRK',1,1,25,5,12,0.417,1,2,0.5,4,10,0.4,0.458,7,7,1,0,0,0,4,0,0,3,3,18),(338,300,'GSW',71,7,1129,172,343,0.501,0,5,0,172,338,0.509,0.501,50,61,0.82,32,99,131,140,35,21,58,117,394),(339,301,'GSW',66,4,910,112,193,0.58,1,5,0.2,111,188,0.59,0.583,42,77,0.545,83,132,215,42,34,56,31,106,267),(340,302,'LAL',74,72,1735,369,793,0.465,112,325,0.345,257,468,0.549,0.536,111,158,0.703,74,220,294,126,30,98,98,195,961),(341,303,'CHI',64,64,1690,342,645,0.53,4,14,0.286,338,631,0.536,0.533,68,90,0.756,134,156,290,124,14,53,107,109,756),(342,304,'CLE',59,59,1651,334,729,0.458,137,330,0.415,197,399,0.494,0.552,234,266,0.88,101,445,546,103,43,24,90,120,1039),(343,305,'TOR',78,78,2510,403,944,0.427,238,596,0.399,165,348,0.474,0.553,223,261,0.854,66,368,434,537,85,19,183,192,1267),(344,306,'PHI',52,7,807,100,267,0.375,53,158,0.335,47,109,0.431,0.474,46,58,0.793,14,58,72,54,12,5,38,97,299),(345,307,'DEN',1,0,2,0,0,0,0,0,0,0,0,0,0,0,0,0,0,0,0,0,0,0,0,0,0),(346,308,'DEN',73,2,1391,270,550,0.491,83,218,0.381,187,332,0.563,0.566,101,143,0.706,55,292,347,91,30,34,61,111,724),(347,309,'ORL',69,3,1365,178,414,0.43,48,139,0.345,130,275,0.473,0.488,69,97,0.711,23,143,166,272,54,8,89,91,473),(348,310,'ATL',18,0,216,15,46,0.326,8,22,0.364,7,24,0.292,0.413,8,8,1,2,17,19,57,8,1,9,16,46),(349,311,'WAS',77,0,1145,138,248,0.556,0,2,0,138,246,0.561,0.556,90,128,0.703,135,177,312,53,38,42,100,230,366),(350,312,'MIL',74,12,1238,130,316,0.411,31,104,0.298,99,212,0.467,0.46,65,93,0.699,75,150,225,46,38,53,44,162,356),(351,313,'DET',19,1,171,41,79,0.519,0,0,41,79,1,0.519,36,45,0.8,15,42,57,14,4,6,22,28,118,0),(352,313,'LAC',20,0,166,38,69,0.551,0,0,38,69,1,0.551,41,52,0.788,33,54,87,8,6,5,14,23,117,0),(353,314,'CHI',68,68,2020,374,862,0.434,145,401,0.362,229,461,0.497,0.518,140,166,0.843,79,429,508,79,39,40,83,103,1033),(354,315,'MEM',73,36,1661,221,496,0.446,34,98,0.347,187,398,0.47,0.48,89,116,0.767,97,221,318,73,39,49,86,211,565),(355,316,'SAC',52,2,984,144,380,0.379,31,86,0.36,113,294,0.384,0.42,94,115,0.817,30,100,130,147,34,10,65,72,413),(356,317,'CHO',4,0,20,4,7,0.571,0,0,4,7,1,0.571,0,1,0,3,7,10,0,1,0,0,5,8,0),(357,318,'DAL',63,62,2131,283,697,0.406,153,402,0.381,130,295,0.441,0.516,83,101,0.822,28,170,198,172,76,16,83,140,802),(358,319,'HOU',61,15,1564,166,345,0.481,63,173,0.364,103,172,0.599,0.572,65,95,0.684,22,164,186,55,72,25,68,100,460),(359,320,'PHI',3,0,18,2,7,0.286,2,7,0.286,0,0,0.429,2,2,1,0,2,2,0,0,1,1,1,8,0),(360,321,'GSW',57,10,961,92,225,0.409,19,80,0.238,73,145,0.503,0.451,26,34,0.765,16,66,82,81,43,10,41,67,229),(361,322,'POR',81,81,2923,667,1505,0.443,189,476,0.397,478,1029,0.465,0.506,209,250,0.836,53,268,321,272,77,35,151,168,1732),(362,323,'PHI',76,1,1706,210,421,0.499,27,62,0.435,183,359,0.51,0.531,31,39,0.795,37,189,226,303,92,13,112,122,478),(363,324,'UTA',4,0,8,0,2,0,0,1,0,0,1,0,0,0,0,0,1,1,0,1,0,1,0,0,0),(364,325,'WAS',19,0,90,18,42,0.429,1,8,0.125,17,34,0.5,0.44,9,14,0.643,7,18,25,4,0,5,2,8,46),(365,326,'NYK',55,1,1172,151,328,0.46,53,137,0.387,98,191,0.513,0.541,40,53,0.755,33,101,134,50,10,12,34,73,395),(366,326,'DAL',26,3,596,86,180,0.478,39,79,0.494,47,101,0.465,0.586,24,28,0.857,7,59,66,29,9,4,22,49,235),(367,327,'GSW',65,17,615,136,219,0.621,0,6,0,136,213,0.638,0.621,38,52,0.731,59,110,169,33,21,57,27,91,310),(368,328,'MIA',18,2,299,36,73,0.493,15,35,0.429,21,38,0.553,0.596,4,8,0.5,11,21,32,17,8,3,4,21,91),(369,329,'IND',1,0,1,0,0,0,0,0,0,0,0,0,0,0,0,0,0,0,0,0,0,0,0,0,0),(370,330,'TOR',14,0,53,8,15,0.533,3,9,0.333,5,6,0.833,0.633,2,3,0.667,1,6,7,1,1,1,3,8,21),(371,331,'MEM',56,17,1091,157,373,0.421,55,159,0.346,102,214,0.477,0.495,53,64,0.828,34,105,139,51,38,15,61,139,422),(372,332,'DAL',2,0,6,0,1,0,0,1,0,0,0,0,0,0,0,0,0,0,0,0,0,2,0,0,0),(373,333,'WAS',77,0,1119,157,393,0.399,72,210,0.343,85,183,0.464,0.491,101,117,0.863,15,111,126,70,29,4,37,55,487),(374,334,'DAL',61,1,729,88,137,0.642,0,3,0,88,134,0.657,0.642,38,66,0.576,85,161,246,35,22,67,39,121,214),(375,335,'MIA',23,3,284,39,82,0.476,2,16,0.125,37,66,0.561,0.488,13,19,0.684,18,63,81,9,6,10,18,36,93),(376,336,'MIL',82,82,2982,593,1272,0.466,146,407,0.359,447,865,0.517,0.524,320,362,0.884,45,384,429,328,119,21,191,270,1652),(377,337,'TOR',70,3,1337,227,599,0.379,164,454,0.361,63,145,0.434,0.516,81,97,0.835,18,134,152,55,37,21,39,134,699),(378,338,'NOP',82,3,1944,216,487,0.444,147,358,0.411,69,129,0.535,0.594,58,67,0.866,18,146,164,111,28,17,58,160,637),(379,339,'TOR',15,4,126,13,28,0.464,8,21,0.381,5,7,0.714,0.607,4,4,1,4,11,15,3,1,2,5,10,38),(380,340,'SAS',82,36,2107,280,682,0.411,154,414,0.372,126,268,0.47,0.523,105,118,0.89,26,128,154,229,55,11,106,128,819),(381,341,'DEN',38,37,1143,202,435,0.464,39,113,0.345,163,322,0.506,0.509,112,161,0.696,65,180,245,105,39,44,73,99,555),(382,342,'CHI',25,3,622,143,302,0.474,69,161,0.429,74,141,0.525,0.588,65,79,0.823,18,141,159,39,15,13,31,45,420),(383,342,'NOP',30,11,872,163,382,0.427,66,197,0.335,97,185,0.524,0.513,47,58,0.81,41,205,246,41,29,26,31,63,439),(384,343,'UTA',79,71,2638,595,1362,0.437,187,550,0.34,408,812,0.502,0.506,239,297,0.805,52,244,296,291,118,27,215,213,1616),(385,344,'UTA',1,0,1,1,1,1,1,1,1,0,0,1.5,0,0,0,0,0,0,0,0,0,0,3,0,0),(386,345,'CHO',63,0,854,153,425,0.36,83,243,0.342,70,182,0.385,0.458,32,38,0.842,8,58,66,91,20,9,49,60,421),(387,346,'MIL',5,0,79,16,33,0.485,0,0,16,33,0,0.485,2,4,0.5,6,19,25,5,0,0,6,7,34,0),(388,346,'PHO',20,14,465,97,155,0.626,0,0,97,155,1,0.626,31,46,0.674,50,110,160,50,16,6,40,40,225,0),(389,346,'BOS',26,0,496,105,198,0.53,0,0,105,198,1,0.53,55,69,0.797,53,112,165,59,28,17,48,48,265,0),(390,347,'DET',2,0,8,0,1,0,0,0,0,1,0,0,0,0,0,2,2,0,0,0,2,0,0,0,0),(391,348,'IND',2,0,9,0,0,0,0,0,0,0,0,0,1,1,1,0,0,0,4,0,0,0,0,0,0),(392,349,'NOP',82,80,2586,423,832,0.508,128,301,0.425,295,531,0.556,0.585,48,68,0.706,57,181,238,187,79,12,102,182,1022),(393,350,'DET',67,3,805,66,122,0.541,0,0,66,122,1,0.541,11,29,0.379,81,197,278,78,31,51,42,116,143,0),(394,351,'ATL',6,0,98,13,32,0.406,2,10,0.2,11,22,0.5,0.438,0,0,2,14,16,7,2,1,6,2,28,0),(395,352,'BOS',54,21,1447,262,611,0.429,86,234,0.368,176,377,0.467,0.499,124,154,0.805,43,246,289,72,35,12,65,100,734),(396,353,'WAS',73,73,1968,330,687,0.48,76,207,0.367,254,480,0.529,0.536,105,128,0.82,75,334,409,142,56,38,127,216,841),(397,354,'DEN',3,0,25,4,6,0.667,0,1,0,4,5,0.8,0.667,2,2,1,0,2,2,7,3,0,1,1,10),(398,355,'DAL',11,4,176,40,75,0.533,1,6,0.167,39,69,0.565,0.54,15,28,0.536,14,35,49,7,3,2,9,18,96),(399,356,'BRK',31,13,359,52,93,0.559,4,18,0.222,48,75,0.64,0.581,23,30,0.767,32,66,98,11,5,13,33,39,131),(400,357,'DEN',42,0,752,129,322,0.401,38,102,0.373,91,220,0.414,0.46,63,78,0.808,16,78,94,121,21,4,72,47,359),(401,357,'NYK',22,14,493,75,204,0.368,9,46,0.196,66,158,0.418,0.39,35,51,0.686,10,48,58,85,20,7,41,33,194),(402,358,'MIN',32,2,301,47,121,0.388,4,19,0.211,43,102,0.422,0.405,22,31,0.71,15,30,45,7,5,2,5,23,120),(403,358,'MIL',11,0,117,37,67,0.552,3,8,0.375,34,59,0.576,0.575,17,19,0.895,8,23,31,7,4,1,1,7,94),(404,359,'MIL',6,0,21,1,6,0.167,0,2,0,1,4,0.25,0.167,1,2,0.5,1,0,1,4,1,0,2,4,3),(405,360,'SAS',81,48,1743,270,609,0.443,9,34,0.265,261,575,0.454,0.451,105,148,0.709,110,349,459,231,97,31,134,151,654),(406,361,'DEN',81,80,2565,479,1062,0.451,165,436,0.378,314,626,0.502,0.529,229,253,0.905,82,215,297,274,79,28,172,173,1352),(407,362,'ATL',53,7,1060,143,312,0.458,62,167,0.371,81,145,0.559,0.558,57,62,0.919,56,174,230,51,31,27,42,80,405),(408,363,'BOS',48,1,522,50,149,0.336,23,65,0.354,27,84,0.321,0.413,23,39,0.59,13,58,71,26,15,10,34,45,146),(409,364,'LAL',42,17,922,152,253,0.601,1,4,0.25,151,249,0.606,0.603,55,87,0.632,108,176,284,57,59,20,41,113,360),(410,364,'CLE',24,10,499,88,160,0.55,1,8,0.125,87,152,0.572,0.553,36,50,0.72,53,115,168,25,29,18,10,59,213),(411,365,'POR',74,10,1535,223,531,0.42,82,218,0.376,141,313,0.45,0.497,116,138,0.841,26,144,170,150,81,14,90,84,644),(412,366,'NOP',43,0,897,84,205,0.41,40,110,0.364,44,95,0.463,0.507,13,17,0.765,11,85,96,156,23,3,56,67,221),(413,366,'DET',7,0,116,11,39,0.282,1,14,0.071,10,25,0.4,0.295,3,3,1,2,6,8,23,4,1,11,14,26),(414,367,'UTA',41,0,498,69,151,0.457,19,47,0.404,50,104,0.481,0.52,26,35,0.743,7,42,49,75,13,4,36,38,183),(415,368,'UTA',9,0,32,4,11,0.364,0,4,0,4,7,0.571,0.364,1,2,0.5,3,6,9,3,2,0,3,1,9),(416,369,'NYK',7,0,40,5,10,0.5,0,0,5,10,1,0.5,2,4,0.5,6,8,14,4,2,2,4,5,12,0),(417,370,'DAL',30,6,472,55,105,0.524,0,1,0,55,104,0.529,0.524,21,28,0.75,48,120,168,20,31,22,26,59,131),(418,371,'TOR',49,3,418,49,80,0.613,5,19,0.263,44,61,0.721,0.644,19,28,0.679,18,69,87,22,23,43,16,49,122),(419,372,'DAL',77,77,1900,346,758,0.456,138,337,0.409,208,421,0.494,0.547,97,108,0.898,22,416,438,120,43,45,51,146,927),(420,373,'NYK',78,9,1706,182,500,0.364,50,157,0.318,132,343,0.385,0.414,49,68,0.721,37,140,177,250,65,18,131,181,463),(421,374,'POR',79,79,2088,480,951,0.505,0,7,0,480,944,0.508,0.505,172,273,0.63,189,519,708,143,64,111,183,247,1132),(422,375,'CHI',70,21,1646,202,423,0.478,18,52,0.346,184,371,0.496,0.499,133,203,0.655,89,237,326,104,59,29,77,158,555),(423,376,'CHO',36,0,379,68,171,0.398,14,43,0.326,54,128,0.422,0.439,21,25,0.84,29,64,93,14,9,6,15,45,171),(424,377,'UTA',69,4,1150,120,284,0.423,42,118,0.356,78,166,0.47,0.496,61,76,0.803,25,211,236,95,36,16,55,105,343),(425,378,'NYK',77,10,1387,224,384,0.583,4,17,0.235,220,367,0.599,0.589,98,127,0.772,121,349,470,158,36,98,100,192,550),(426,379,'BOS',73,0,1150,65,188,0.346,40,125,0.32,25,63,0.397,0.452,25,41,0.61,37,124,161,20,21,4,25,91,195),(427,380,'NOP',26,19,353,48,95,0.505,0,0,48,95,1,0.505,18,22,0.818,47,73,120,8,8,25,13,30,114,0),(428,381,'PHI',2,0,25,4,9,0.444,0,0,4,9,0,0.444,2,4,0.5,4,5,9,1,0,2,3,7,10,0),(429,381,'BRK',26,0,328,73,129,0.566,1,4,0.25,72,125,0.576,0.57,19,25,0.76,17,59,76,11,3,16,18,44,166),(430,382,'IND',75,75,2552,640,1342,0.477,161,434,0.371,479,908,0.528,0.537,294,368,0.799,47,343,390,323,177,57,219,175,1735),(431,383,'MIA',76,22,1779,316,636,0.497,106,280,0.379,210,356,0.59,0.58,134,174,0.77,89,342,431,207,62,35,147,222,872),(432,384,'HOU',1,0,22,2,5,0.4,0,0,2,5,0,0.4,0,0,1,3,4,1,0,0,3,4,4,0,0),(433,385,'CLE',61,12,672,90,186,0.484,32,87,0.368,58,99,0.586,0.57,26,46,0.565,19,101,120,41,22,3,32,78,238),(434,386,'WAS',81,11,2231,318,790,0.403,126,369,0.341,192,421,0.456,0.482,191,233,0.82,59,304,363,98,80,35,90,234,953),(435,387,'GSW',69,57,972,149,264,0.564,0,1,0,149,263,0.567,0.564,75,93,0.806,89,232,321,109,38,17,72,122,373),(436,388,'CHO',5,0,28,4,14,0.286,2,8,0.25,2,6,0.333,0.357,2,2,1,0,4,4,3,0,0,0,0,12),(437,389,'SAC',16,0,118,17,41,0.415,0,0,17,41,0,0.415,0,0,12,24,36,9,2,6,8,12,34,0,0),(438,389,'POR',1,0,4,1,1,1,0,0,1,1,1,1,0,0,1,0,1,0,2,0,0,0,2,0,0),(439,390,'MIL',31,3,743,160,332,0.482,31,81,0.383,129,251,0.514,0.529,40,54,0.741,42,109,151,59,25,10,45,50,391),(440,391,'SAS',55,21,1071,178,388,0.459,10,37,0.27,168,351,0.479,0.472,55,78,0.705,7,88,95,195,28,1,68,52,421),(441,392,'MEM',36,8,691,108,234,0.462,51,121,0.421,57,113,0.504,0.571,17,27,0.63,14,76,90,69,18,11,35,53,284),(442,393,'OKC',82,3,1270,106,266,0.398,66,171,0.386,40,95,0.421,0.523,40,46,0.87,32,161,193,57,48,23,33,87,318),(443,394,'MIN',1,0,4,1,2,0.5,0,0,1,2,1,0.5,0,0,0,0,0,0,1,0,0,1,2,0,0),(444,395,'SAS',64,2,576,55,127,0.433,15,54,0.278,40,73,0.548,0.492,22,43,0.512,6,62,68,37,25,7,29,58,147),(445,396,'HOU',58,58,1847,367,798,0.46,144,379,0.38,223,419,0.532,0.55,203,221,0.919,37,276,313,457,96,14,128,141,1081),(446,397,'ORL',5,0,43,7,10,0.7,2,3,0.667,5,7,0.714,0.8,5,6,0.833,2,7,9,0,2,0,2,6,21),(447,398,'CHI',25,14,582,87,215,0.405,35,91,0.385,52,124,0.419,0.486,12,16,0.75,18,51,69,113,26,9,36,44,221),(448,399,'ORL',44,44,1257,238,458,0.52,25,67,0.373,213,391,0.545,0.547,72,114,0.632,47,127,174,275,64,16,114,97,573),(449,399,'PHO',19,19,551,91,209,0.435,5,25,0.2,86,184,0.467,0.447,37,54,0.685,17,83,100,118,19,6,54,50,224),(450,400,'MIL',12,6,106,13,33,0.394,2,12,0.167,11,21,0.524,0.424,2,3,0.667,4,13,17,9,3,1,3,17,30),(451,400,'LAL',11,0,115,17,41,0.415,4,13,0.308,13,28,0.464,0.463,1,6,0.167,9,18,27,12,4,2,4,13,39),(452,401,'CLE',1,0,15,1,2,0.5,0,0,1,2,1,0.5,1,2,0.5,0,1,1,2,1,0,1,1,3,0),(453,402,'CLE',14,0,66,2,13,0.154,0,3,0,2,10,0.2,0.154,3,5,0.6,1,3,4,5,2,1,1,6,7),(454,403,'PHO',20,0,225,28,74,0.378,18,58,0.31,10,16,0.625,0.5,8,10,0.8,8,29,37,12,2,2,4,13,82),(455,404,'MIL',8,0,52,1,3,0.333,0,0,1,3,0,0.333,12,16,0.75,4,13,17,2,0,1,3,10,14,0),(456,405,'DEN',74,26,1439,221,368,0.601,0,1,0,221,367,0.602,0.601,82,179,0.458,132,268,400,142,49,81,103,184,524),(457,406,'ATL',55,35,918,105,180,0.583,0,0,105,180,1,0.583,27,60,0.45,77,151,228,45,17,30,63,79,237,0),(458,407,'TOR',82,0,1524,253,384,0.659,1,2,0.5,252,382,0.66,0.66,60,101,0.594,165,228,393,57,39,100,85,212,567),(459,408,'CHI',23,1,196,14,49,0.286,3,22,0.136,11,27,0.407,0.316,14,17,0.824,8,19,27,9,8,2,11,24,45),(460,409,'WAS',77,77,2432,445,885,0.503,138,313,0.441,307,572,0.537,0.581,106,128,0.828,103,389,492,157,116,41,75,151,1134),(461,410,'CHI',73,4,1643,382,811,0.471,80,223,0.359,302,588,0.514,0.52,120,156,0.769,159,339,498,123,50,23,103,130,964),(462,411,'NYK',48,48,1553,390,889,0.439,90,228,0.395,300,661,0.454,0.489,218,275,0.793,62,254,316,57,36,115,93,141,1088),(463,412,'DAL',79,25,1672,255,430,0.593,28,84,0.333,227,346,0.656,0.626,133,185,0.719,135,309,444,91,67,32,59,186,671),(464,413,'TOR',70,18,1062,150,374,0.401,53,186,0.285,97,188,0.516,0.472,32,39,0.821,14,105,119,89,37,16,66,111,385),(465,414,'IND',25,0,104,11,26,0.423,4,11,0.364,7,15,0.467,0.5,0,0,7,10,17,2,3,1,2,16,26,0),(466,415,'PHI',3,0,6,1,2,0.5,0,1,0,1,1,1,0.5,0,0,0,0,0,0,0,0,1,0,2,0),(467,416,'ORL',16,2,290,35,107,0.327,13,52,0.25,22,55,0.4,0.388,13,15,0.867,1,26,27,17,3,3,10,26,96),(468,417,'HOU',18,0,124,6,32,0.188,2,19,0.105,4,13,0.308,0.219,8,12,0.667,6,16,22,2,2,14,10,14,22),(469,418,'HOU',3,0,13,1,3,0.333,0,2,0,1,1,1,0.333,2,2,1,0,3,3,1,0,0,2,1,4),(470,419,'MEM',36,5,516,86,152,0.566,0,0,86,152,1,0.566,29,36,0.806,53,105,158,32,12,13,35,55,201,0),(471,420,'LAL',82,49,2190,504,904,0.558,10,45,0.222,494,859,0.575,0.563,305,425,0.718,181,473,654,210,43,45,213,274,1323),(472,421,'SAC',59,57,1508,361,763,0.473,51,147,0.347,310,616,0.503,0.507,84,107,0.785,97,300,397,127,42,10,116,119,857),(473,422,'MEM',5,0,118,12,42,0.286,1,14,0.071,11,28,0.393,0.298,4,9,0.444,0,5,5,18,6,3,11,18,29),(474,423,'PHI',70,70,2116,404,879,0.46,193,460,0.42,211,419,0.504,0.569,197,218,0.904,9,169,178,210,35,6,103,123,1198),(475,424,'PHO',21,1,242,22,76,0.289,11,38,0.289,11,38,0.289,0.362,8,12,0.667,2,37,39,13,10,2,10,17,63),(476,425,'LAC',39,5,419,80,120,0.667,1,2,0.5,79,118,0.669,0.671,32,55,0.582,35,85,120,9,9,22,19,53,193),(477,425,'DET',3,0,9,1,1,1,0,0,1,1,1,1,0,0,0,1,1,1,0,0,0,3,2,0,0),(478,426,'MIA',81,81,2689,399,885,0.451,127,336,0.378,272,549,0.495,0.523,120,142,0.845,69,216,285,231,121,75,140,199,1045),(479,427,'SAC',25,4,319,29,88,0.33,12,39,0.308,17,49,0.347,0.398,17,22,0.773,5,28,33,13,10,1,10,27,87),(480,427,'TOR',1,0,5,1,2,0.5,0,1,0,1,1,1,0.5,0,0,0,1,1,0,0,0,0,0,2,0),(481,428,'LAC',61,59,2057,341,805,0.424,136,360,0.378,205,445,0.461,0.508,102,159,0.642,27,118,145,242,74,16,109,152,920),(482,429,'OKC',39,39,1037,87,162,0.537,8,36,0.222,79,126,0.627,0.562,12,38,0.316,75,110,185,46,45,35,30,89,194),(483,430,'WAS',1,0,13,1,3,0.333,0,0,1,3,0,0.333,0,0,2,3,5,0,1,0,0,2,2,0,0),(484,431,'IND',23,1,338,36,85,0.424,14,34,0.412,22,51,0.431,0.506,9,11,0.818,11,26,37,17,13,1,5,14,95),(485,432,'NOP',65,63,1705,231,494,0.468,50,150,0.333,181,344,0.526,0.518,25,46,0.543,31,232,263,533,70,10,151,119,537),(486,433,'CLE',16,7,308,58,132,0.439,6,24,0.25,52,108,0.481,0.462,35,41,0.854,10,19,29,26,3,4,28,14,157),(487,433,'MIN',9,0,112,23,54,0.426,1,6,0.167,22,48,0.458,0.435,5,5,1,3,3,6,11,4,0,7,2,52),(488,434,'ORL',24,20,600,76,191,0.398,30,93,0.323,46,98,0.469,0.476,27,36,0.75,10,63,73,38,27,11,29,45,209),(489,435,'BOS',80,16,2068,316,800,0.395,153,402,0.381,163,398,0.41,0.491,115,149,0.772,63,313,376,232,80,19,80,123,900),(490,436,'UTA',77,77,2254,346,827,0.418,96,273,0.352,250,554,0.451,0.476,220,254,0.866,44,307,351,410,121,11,207,206,1008),(491,437,'BRK',48,35,1234,278,672,0.414,90,278,0.324,188,394,0.477,0.481,97,131,0.74,30,159,189,249,36,17,147,93,743),(492,438,'IND',74,19,1810,340,661,0.514,13,37,0.351,327,624,0.524,0.524,168,224,0.75,165,407,572,151,40,32,137,220,861),(493,439,'SAC',22,6,344,44,81,0.543,5,10,0.5,39,71,0.549,0.574,10,16,0.625,21,57,78,9,8,22,8,48,103),(494,440,'PHI',78,73,2310,403,890,0.453,157,399,0.393,246,491,0.501,0.541,178,207,0.86,154,366,520,202,51,20,148,160,1141),(495,441,'WAS',73,30,1643,201,384,0.523,47,101,0.465,154,283,0.544,0.585,75,96,0.781,72,161,233,286,52,15,83,131,524),(496,442,'ATL',67,67,2078,500,1146,0.436,76,262,0.29,424,884,0.48,0.469,225,265,0.849,44,164,208,417,72,6,183,147,1301),(497,443,'WAS',76,1,1406,276,524,0.527,66,163,0.405,210,361,0.582,0.59,50,76,0.658,50,197,247,80,23,10,79,148,668),(498,444,'UTA',38,6,806,118,240,0.492,32,84,0.381,86,156,0.551,0.558,44,54,0.815,29,132,161,33,52,12,30,59,312),(499,445,'MEM',35,9,692,116,269,0.431,49,122,0.402,67,147,0.456,0.522,44,59,0.746,16,40,56,66,18,5,54,59,325),(500,446,'NYK',13,3,167,17,53,0.321,2,11,0.182,15,42,0.357,0.34,12,15,0.8,1,17,18,27,7,1,15,14,48),(501,446,'WAS',15,0,225,25,64,0.391,6,15,0.4,19,49,0.388,0.438,32,42,0.762,5,15,20,50,7,1,15,15,88),(502,447,'CLE',14,6,276,22,58,0.379,7,26,0.269,15,32,0.469,0.44,11,15,0.733,7,34,41,17,9,4,16,22,62),(503,448,'TOR',81,5,1679,253,498,0.508,29,132,0.22,224,366,0.612,0.537,54,87,0.621,79,285,364,159,62,42,67,166,589),(504,449,'BOS',2,0,7,0,3,0,0,2,0,0,1,0,0,0,0,1,1,2,0,1,0,0,1,0,0),(505,450,'PHI',81,81,2732,544,998,0.545,0,11,0,544,987,0.551,0.545,191,341,0.56,145,514,659,661,140,70,278,211,1279),(506,451,'ORL',69,50,2029,354,761,0.465,69,204,0.338,285,557,0.512,0.511,185,241,0.768,61,178,239,171,58,16,146,175,962),(507,452,'MEM',32,12,643,80,189,0.423,11,39,0.282,69,150,0.46,0.452,25,25,1,14,36,50,68,18,5,44,61,196),(508,453,'OKC',12,0,59,7,21,0.333,2,5,0.4,5,16,0.313,0.381,7,13,0.538,1,9,10,2,1,0,3,4,23),(509,454,'BOS',54,11,1614,189,515,0.367,75,249,0.301,114,266,0.429,0.44,97,133,0.729,43,146,189,259,71,23,129,133,550),(510,455,'DAL',69,69,2049,404,1024,0.395,106,339,0.313,298,685,0.435,0.446,134,193,0.694,50,210,260,358,71,18,194,152,1048),(511,456,'DET',82,35,2043,389,801,0.486,35,101,0.347,354,700,0.506,0.507,81,116,0.698,27,197,224,360,64,20,108,140,894),(512,457,'CLE',80,61,2244,240,595,0.403,143,381,0.375,97,214,0.453,0.524,39,56,0.696,29,206,235,141,68,11,81,161,662),(513,458,'WAS',33,2,285,45,115,0.391,4,32,0.125,41,83,0.494,0.409,19,21,0.905,18,35,53,14,3,13,16,44,113),(514,459,'NOP',3,0,12,1,4,0.25,0,0,1,4,0,0.25,0,0,3,1,4,0,0,0,0,3,2,0,0),(515,460,'MIL',75,59,2053,185,425,0.435,108,268,0.403,77,157,0.49,0.562,38,48,0.792,9,132,141,98,47,28,36,115,516),(516,461,'ORL',52,3,675,138,349,0.395,86,233,0.369,52,116,0.448,0.519,40,55,0.727,21,112,133,40,8,22,40,106,402),(517,462,'PHI',6,0,45,1,4,0.25,0,1,0,1,3,0.333,0.25,2,2,1,0,1,1,1,4,0,4,3,4),(518,462,'BRK',35,0,478,59,150,0.393,40,99,0.404,19,51,0.373,0.527,19,27,0.704,4,59,63,38,5,4,22,21,177),(519,463,'IND',82,7,1850,303,709,0.427,67,232,0.289,236,477,0.495,0.475,84,127,0.661,62,362,424,235,46,17,131,177,757),(520,464,'UTA',3,0,9,2,3,0.667,2,3,0.667,0,0,1,4,4,1,0,0,0,0,0,0,1,3,10,0),(521,465,'CHO',23,0,175,6,13,0.462,6,13,0.462,0,0,0.692,1,2,0.5,1,28,29,26,4,2,7,21,19,0),(522,466,'IND',1,0,2,1,1,1,0,0,1,1,1,1,0,0,0,1,1,0,0,0,0,1,2,0,0),(523,467,'POR',27,3,189,24,60,0.4,1,8,0.125,23,52,0.442,0.408,12,18,0.667,15,39,54,14,5,3,18,37,61),(524,468,'BOS',80,80,2438,397,835,0.475,105,242,0.434,292,593,0.492,0.538,213,258,0.826,50,352,402,128,83,58,114,170,1112),(525,469,'ATL',67,9,1167,163,390,0.418,20,80,0.25,143,310,0.461,0.444,99,141,0.702,22,72,94,206,34,10,84,116,445),(526,470,'MIN',70,70,2311,354,794,0.446,84,228,0.368,270,566,0.477,0.499,202,239,0.845,24,185,209,492,102,23,177,171,994),(527,471,'MEM',3,0,74,4,16,0.25,1,4,0.25,3,12,0.25,0.281,2,5,0.4,1,5,6,13,4,0,3,5,11),(528,472,'MIL',10,0,159,25,57,0.439,21,45,0.467,4,12,0.333,0.623,0,0,3,20,23,10,4,1,7,14,71,0),(529,473,'SAC',65,35,1615,199,476,0.418,89,227,0.392,110,249,0.442,0.512,60,78,0.769,22,130,152,124,57,27,79,135,547),(530,474,'LAC',45,36,1134,151,360,0.419,88,232,0.379,63,128,0.492,0.542,39,46,0.848,16,110,126,209,23,5,97,103,429),(531,475,'MIL',51,4,814,59,154,0.383,40,115,0.348,19,39,0.487,0.513,8,9,0.889,5,43,48,59,42,13,25,52,166),(532,476,'BOS',63,3,936,126,233,0.541,18,58,0.31,108,175,0.617,0.579,61,81,0.753,90,184,274,56,30,48,56,157,331),(533,477,'CLE',15,14,406,70,194,0.361,22,87,0.253,48,107,0.449,0.418,59,68,0.868,7,24,31,68,9,2,41,25,221),(534,477,'LAL',17,1,456,87,227,0.383,33,101,0.327,54,126,0.429,0.456,58,63,0.921,10,26,36,85,6,1,54,33,265),(535,478,'NYK',73,31,1353,102,267,0.382,50,124,0.403,52,143,0.364,0.476,44,53,0.83,44,131,175,44,30,14,40,134,298),(536,479,'GSW',73,73,2506,575,1179,0.488,229,521,0.44,346,658,0.526,0.585,82,98,0.837,31,246,277,185,55,34,128,117,1461),(537,480,'CLE',53,22,1072,132,235,0.562,0,0,132,235,1,0.562,43,79,0.544,126,226,352,33,16,17,36,102,307,0),(538,481,'LAC',73,17,1156,100,233,0.429,23,61,0.377,77,172,0.448,0.479,59,88,0.67,33,107,140,68,48,25,53,125,282),(539,482,'DET',79,14,1757,219,472,0.464,159,365,0.436,60,107,0.561,0.632,106,133,0.797,50,191,241,90,32,21,58,144,703),(540,483,'MIN',82,82,2918,639,1172,0.545,120,285,0.421,519,887,0.585,0.596,345,402,0.858,238,774,1012,199,64,115,159,285,1743),(541,484,'HOU',82,34,2281,172,441,0.39,115,310,0.371,57,131,0.435,0.52,43,60,0.717,93,364,457,77,78,26,74,205,502),(542,485,'POR',79,40,2034,258,577,0.447,42,132,0.318,216,445,0.485,0.484,91,107,0.85,30,214,244,173,47,29,99,163,649),(543,486,'IND',65,62,1836,306,639,0.479,56,157,0.357,250,482,0.519,0.523,160,206,0.777,93,324,417,87,38,118,96,186,828),(544,487,'UTA',63,3,810,60,120,0.5,0,1,0,60,119,0.504,0.5,42,56,0.75,68,82,150,53,43,74,20,105,162),(545,488,'PHO',71,43,1658,214,551,0.388,42,146,0.288,172,405,0.425,0.426,84,101,0.832,24,104,128,311,70,7,127,120,554),(546,489,'TOR',77,77,1727,390,687,0.568,30,74,0.405,360,613,0.587,0.59,170,211,0.806,183,477,660,81,29,69,115,192,980),(547,490,'CHI',77,37,2095,301,721,0.417,143,370,0.386,158,351,0.45,0.517,38,51,0.745,48,345,393,244,65,11,99,185,783),(548,491,'TOR',76,0,1520,232,545,0.426,108,261,0.414,124,284,0.437,0.525,84,101,0.832,25,159,184,243,68,19,74,130,656),(549,492,'MIL',22,0,173,21,50,0.42,13,35,0.371,8,15,0.533,0.55,4,6,0.667,2,15,17,12,4,3,4,12,59),(550,492,'BRK',1,0,4,0,0,0,0,0,0,0,0,0,0,0,1,0,0,0,1,0,0,0,0,0,0),(551,492,'ORL',5,0,35,2,6,0.333,1,2,0.5,1,4,0.25,0.417,0,0,1,3,4,0,1,0,2,2,5,0),(552,493,'POR',33,12,476,47,96,0.49,2,6,0.333,45,90,0.5,0.5,23,31,0.742,35,132,167,13,6,11,15,42,119),(553,493,'CHI',21,4,399,57,138,0.413,18,60,0.3,39,78,0.5,0.478,13,27,0.481,35,109,144,21,13,6,16,26,145),(554,494,'ORL',57,57,1683,399,840,0.475,64,204,0.314,335,636,0.527,0.513,77,94,0.819,101,422,523,191,56,62,109,144,939),(555,495,'CLE',46,3,1069,198,435,0.455,23,70,0.329,175,365,0.479,0.482,94,134,0.701,39,142,181,163,42,32,92,84,513),(556,495,'MIA',21,0,467,101,247,0.409,9,41,0.22,92,206,0.447,0.427,41,55,0.745,11,60,71,65,19,15,48,40,252),(557,496,'MIA',30,30,918,163,410,0.398,52,170,0.306,111,240,0.463,0.461,51,69,0.739,8,69,77,113,23,9,70,61,429),(558,497,'CHO',80,80,2736,588,1363,0.431,231,601,0.384,357,762,0.469,0.516,363,420,0.864,32,216,248,444,91,24,179,98,1770),(559,498,'WAS',41,41,1410,280,667,0.42,62,167,0.371,218,500,0.436,0.466,175,241,0.726,22,128,150,393,57,45,158,80,797),(560,499,'LAC',30,19,851,110,247,0.445,10,40,0.25,100,207,0.483,0.466,61,78,0.782,21,84,105,71,27,13,46,83,291),(561,500,'ATL',82,82,2464,415,975,0.426,176,457,0.385,239,518,0.461,0.516,152,180,0.844,50,339,389,214,85,42,191,168,1158),(562,501,'MIA',16,0,147,8,25,0.32,7,17,0.412,1,8,0.125,0.46,6,6,1,2,14,16,16,7,3,2,7,29),(563,502,'DAL',3,0,27,7,12,0.583,0,0,7,12,1,0.583,3,5,0.6,4,5,9,0,0,0,1,2,17,0),(564,503,'PHO',65,65,2142,529,1063,0.498,20,90,0.222,509,973,0.523,0.507,193,255,0.757,125,208,333,85,65,41,85,149,1271),(565,504,'LAL',17,0,228,25,72,0.347,17,47,0.362,8,25,0.32,0.465,8,8,1,0,38,38,7,4,5,6,30,75),(566,505,'BRK',10,0,120,6,24,0.25,4,19,0.211,2,5,0.4,0.333,0,0,8,16,24,4,1,0,4,10,16,0),(567,506,'HOU',13,0,118,9,22,0.409,4,9,0.444,5,13,0.385,0.5,4,4,1,3,15,18,13,10,3,7,18,26),(568,506,'MEM',5,0,119,10,21,0.476,0,2,0,10,19,0.526,0.476,4,6,0.667,5,12,17,9,8,2,8,10,24),(569,507,'GSW',73,0,999,216,378,0.571,3,8,0.375,213,370,0.576,0.575,60,79,0.759,64,174,238,138,47,75,80,120,495),(570,508,'OKC',80,80,2914,757,1687,0.449,97,326,0.298,660,1361,0.485,0.477,417,566,0.737,152,652,804,820,147,20,381,200,2028),(571,509,'ATL',15,0,209,25,73,0.342,18,49,0.367,7,24,0.292,0.466,1,4,0.25,4,30,34,6,3,1,8,12,69),(572,510,'SAS',17,0,139,16,33,0.485,8,13,0.615,8,20,0.4,0.606,14,20,0.7,5,21,26,9,4,3,6,8,54),(573,511,'MIA',6,4,80,7,16,0.438,4,11,0.364,3,5,0.6,0.563,2,3,0.667,3,8,11,2,1,1,1,6,20),(574,512,'BRK',16,0,180,40,86,0.465,7,18,0.389,33,68,0.485,0.506,13,19,0.684,4,22,26,20,8,2,24,23,100),(575,513,'MIA',54,54,1364,312,578,0.54,2,2,1,310,576,0.538,0.542,128,182,0.703,174,444,618,54,37,94,92,131,754),(576,514,'MIN',82,82,2979,569,1300,0.438,112,338,0.331,457,962,0.475,0.481,202,314,0.643,82,276,358,160,91,51,138,163,1452),(577,515,'BRK',5,0,33,1,4,0.25,1,2,0.5,0,2,0,0.375,1,2,0.5,2,9,11,2,1,0,0,4,4),(578,516,'IND',19,1,152,13,39,0.333,4,18,0.222,9,21,0.429,0.385,3,4,0.75,5,11,16,9,2,1,5,7,33),(579,517,'PHO',5,0,70,7,18,0.389,0,0,7,18,0,0.389,6,9,0.667,3,19,22,8,5,1,7,13,20,0),(580,518,'LAC',38,17,707,87,197,0.442,22,78,0.282,65,119,0.546,0.497,13,16,0.813,12,44,56,43,31,13,20,63,209),(581,519,'LAL',2,0,9,1,4,0.25,0,2,0,1,2,0.5,0.25,0,0,0,1,1,0,0,0,0,0,2,0),(582,520,'LAC',79,19,2589,582,1337,0.435,186,518,0.359,396,819,0.484,0.505,432,491,0.88,40,158,198,417,85,19,234,106,1782),(583,521,'CHO',78,78,2006,258,563,0.458,126,305,0.413,132,258,0.512,0.57,102,123,0.829,74,296,370,96,56,38,66,116,744),(584,522,'MIA',3,0,11,2,6,0.333,1,5,0.2,1,1,1,0.417,0,0,0,1,1,0,0,0,1,1,5,0),(585,523,'HOU',4,0,17,2,9,0.222,0,5,0,2,4,0.5,0.222,1,3,0.333,1,3,4,1,1,0,1,2,5),(586,523,'NYK',17,1,290,49,100,0.49,11,33,0.333,38,67,0.567,0.545,19,27,0.704,21,38,59,15,19,4,18,32,128),(587,524,'MIL',22,0,71,9,16,0.563,2,5,0.4,7,11,0.636,0.625,1,2,0.5,2,8,10,3,3,1,4,7,21),(588,525,'LAC',15,10,274,38,81,0.469,27,63,0.429,11,18,0.611,0.636,2,4,0.5,3,29,32,10,5,8,8,34,105),(589,526,'MIA',68,25,1680,207,488,0.424,49,129,0.38,158,359,0.44,0.474,66,104,0.635,64,306,370,148,54,33,77,140,529),(590,527,'DAL',9,0,39,6,16,0.375,2,10,0.2,4,6,0.667,0.438,1,2,0.5,1,9,10,0,0,3,2,3,15),(591,528,'UTA',5,0,19,1,6,0.167,0,0,1,6,0,0.167,0,0,1,1,2,1,0,0,0,1,2,0,0),(592,529,'MEM',27,1,366,57,99,0.576,0,0,57,99,1,0.576,21,33,0.636,32,61,93,13,13,25,8,29,135,0),(593,529,'HOU',1,0,15,2,3,0.667,0,0,2,3,1,0.667,0,0,1,1,2,0,0,1,0,3,4,0,0),(594,530,'TOR',69,4,1433,201,432,0.465,56,153,0.366,145,279,0.52,0.53,97,117,0.829,45,153,198,200,72,33,78,81,555),(595,531,'BOS',33,4,235,26,61,0.426,12,37,0.324,14,24,0.583,0.525,15,22,0.682,17,35,52,16,4,5,12,23,79),(596,532,'PHI',6,0,61,5,14,0.357,3,10,0.3,2,4,0.5,0.464,4,6,0.667,0,2,2,2,0,0,1,4,17),(597,533,'IND',53,1,558,80,186,0.43,25,66,0.379,55,120,0.458,0.497,22,29,0.759,12,51,63,39,14,1,26,39,207),(598,534,'GSW',80,8,1393,201,488,0.412,123,326,0.377,78,162,0.481,0.538,56,65,0.862,20,105,125,36,38,7,39,100,581),(599,535,'IND',81,81,2607,421,864,0.487,58,181,0.32,363,683,0.531,0.521,55,92,0.598,184,328,512,152,135,36,105,175,955),(600,536,'CHO',33,0,627,85,156,0.545,2,3,0.667,83,153,0.542,0.551,61,85,0.718,67,110,177,31,14,21,33,81,233),(601,537,'BRK',42,33,703,125,229,0.546,10,26,0.385,115,203,0.567,0.568,40,60,0.667,63,131,194,28,8,21,35,78,300),(602,537,'MIL',24,1,406,62,105,0.59,0,2,0,62,103,0.602,0.59,17,19,0.895,47,64,111,19,7,14,12,48,141),(603,538,'CHI',54,12,824,81,234,0.346,37,110,0.336,44,124,0.355,0.425,19,25,0.76,13,118,131,46,20,15,43,86,218),(604,539,'CLE',32,2,214,49,67,0.731,0,0,49,67,1,0.731,21,29,0.724,24,36,60,5,2,13,11,30,119,0),(605,540,'LAL',43,0,410,61,122,0.5,0,1,0,61,121,0.504,0.5,39,51,0.765,45,78,123,25,8,15,26,47,161);
/*!40000 ALTER TABLE `player_stats` ENABLE KEYS */;
UNLOCK TABLES;

--
-- Table structure for table `players`
--

DROP TABLE IF EXISTS `players`;
/*!40101 SET @saved_cs_client     = @@character_set_client */;
/*!50503 SET character_set_client = utf8mb4 */;
CREATE TABLE `players` (
  `Players_id` int NOT NULL,
  `Name` varchar(150) NOT NULL,
  `Pos` varchar(45) NOT NULL,
  `Age` int DEFAULT NULL,
  PRIMARY KEY (`Players_id`)
) ENGINE=InnoDB DEFAULT CHARSET=utf8mb3;
/*!40101 SET character_set_client = @saved_cs_client */;

--
-- Dumping data for table `players`
--

LOCK TABLES `players` WRITE;
/*!40000 ALTER TABLE `players` DISABLE KEYS */;
INSERT INTO `players` VALUES (1,'Alex Abrines','SG',24),(2,'Quincy Acy','PF',27),(3,'Steven Adams','C',24),(4,'Bam Adebayo','C',20),(5,'Arron Afflalo','SG',32),(6,'Cole Aldrich','C',29),(7,'LaMarcus Aldridge','C',32),(8,'Jarrett Allen','C',19),(9,'Kadeem Allen','PG',25),(10,'Tony Allen','SF',36),(11,'Al-Farouq Aminu','PF',27),(12,'Justin Anderson','SF',24),(13,'Kyle Anderson','SF',24),(14,'Ryan Anderson','PF',29),(15,'Ike Anigbogu','C',19),(16,'Giannis Antetokounmpo','PF',23),(17,'Carmelo Anthony','PF',33),(18,'OG Anunoby','SF',20),(19,'Ryan Arcidiacono','PG',23),(20,'Trevor Ariza','SF',32),(21,'Darrell Arthur','PF',29),(22,'Jamel Artis','SG',25),(23,'Omer Asik','C',31),(24,'D.J. Augustin','PG',30),(25,'Luke Babbitt','SF',28),(26,'Dwayne Bacon','SG',22),(27,'Ron Baker','SG',24),(28,'Wade Baldwin','PG',21),(29,'Lonzo Ball','PG',20),(30,'J.J. Barea','PG',33),(31,'Harrison Barnes','PF',25),(32,'Will Barton','SG',27),(33,'Nicolas Batum','SG',29),(34,'Jerryd Bayless','SG',29),(35,'Aron Baynes','C',31),(36,'Kent Bazemore','SG',28),(37,'Bradley Beal','SG',24),(38,'Malik Beasley','SG',21),(39,'Michael Beasley','PF',29),(40,'Marco Belinelli','SG',31),(41,'Jordan Bell','C',23),(42,'DeAndre Bembry','SF',23),(43,'Dragan Bender','PF',20),(44,'Davis Bertans','PF',25),(45,'Patrick Beverley','SG',29),(46,'Khem Birch','C',25),(47,'Jabari Bird','SG',23),(48,'Bismack Biyombo','C',25),(49,'Nemanja Bjelica','PF',29),(50,'Tarik Black','C',26),(51,'Antonio Blakeney','SG',21),(52,'Eric Bledsoe','PG',28),(53,'Vander Blue','SG',25),(54,'Bogdan Bogdanovic','SG',25),(55,'Bojan Bogdanovic','SF',28),(56,'Andrew Bogut','C',33),(57,'Joel Bolomboy','PF',24),(58,'Devin Booker','SG',21),(59,'Trevor Booker','PF',30),(60,'Chris Boucher','PF',25),(61,'Avery Bradley','SG',27),(62,'Tony Bradley','C',20),(63,'Corey Brewer','SF-SG',31),(64,'Malcolm Brogdon','PG',25),(65,'Aaron Brooks','PG',33),(66,'Dillon Brooks','SF',22),(67,'MarShon Brooks','SG',29),(68,'Anthony Brown','SF',25),(69,'Bobby Brown','PG',33),(70,'Jaylen Brown','SG',21),(71,'Lorenzo Brown','PG',7),(72,'Markel Brown','SG',26),(73,'Sterling Brown','SG',22),(74,'Nicolas Brussino','SF',24),(75,'Thomas Bryant','C',20),(76,'Reggie Bullock','SF',26),(77,'Trey Burke','PG',25),(78,'Alec Burks','SG',26),(79,'Jimmy Butler','SG',28),(80,'Dwight Buycks','PG',28),(81,'Bruno Caboclo','SF',22),(82,'Jose Calderon','PG',36),(83,'Kentavious Caldwell-Pope','SG',24),(84,'Isaiah Canaan','PG-SG',26),(85,'Clint Capela','C',23),(86,'DeMarre Carroll','SF',31),(87,'Vince Carter','SF',41),(88,'Michael Carter-Williams','PG',26),(89,'Alex Caruso','PG',23),(90,'Omri Casspi','SF',29),(91,'Willie Cauley-Stein','C',24),(92,'Tyler Cavanaugh','PF',23),(93,'Mario Chalmers','PG',31),(94,'Tyson Chandler','C',35),(95,'Wilson Chandler','SF',30),(96,'Marquese Chriss','PF',20),(97,'Ian Clark','SG',26),(98,'Jordan Clarkson','SG',25),(99,'Gian Clavell','SG',24),(100,'Antonius Cleveland','SG',23),(101,'John Collins','PF',20),(102,'Zach Collins','C',20),(103,'Kyle Collinsworth','SF',26),(104,'Darren Collison','PG',30),(105,'Nick Collison','PF',370),(106,'Mike Conley','PG',30),(107,'Pat Connaughton','SG',25),(108,'Quinn Cook','PG',24),(109,'Charles Cooke','SG',23),(110,'Jack Cooley','PF',26),(111,'Matt Costello','C',24),(112,'DeMarcus Cousins','C',27),(113,'Robert Covington','SF',27),(114,'Allen Crabbe','SG',25),(115,'Torrey Craig','SF',27),(116,'Jamal Crawford','SG',37),(117,'Jordan Crawford','SG',29),(118,'Jae Crowder','SF',27),(119,'Dante Cunningham','SF',30),(120,'Stephen Curry','PG',29),(121,'Troy Daniels','SG',26),(122,'Anthony Davis','PF',24),(123,'Deyonta Davis','C',21),(124,'Ed Davis','C',28),(125,'Dewayne Dedmon','C',28),(126,'Sam Dekker','PF',23),(127,'Malcolm Delaney','PG',28),(128,'Matthew Dellavedova','PG',27),(129,'Luol Deng','SF',32),(130,'DeMar DeRozan','SG',28),(131,'Cheick Diallo','PF',21),(132,'Gorgui Dieng','C',28),(133,'Spencer Dinwiddie','PG',24),(134,'Tyler Dorsey','SG',21),(135,'Damyean Dotson','SG',23),(136,'Milton Doyle','SG',24),(137,'PJ Dozier','PG',21),(138,'Goran Dragic','PG',31),(139,'Larry Drew','PG',27),(140,'Andre Drummond','C',24),(141,'Jared Dudley','PF',32),(142,'Kris Dunn','PG',23),(143,'Kevin Durant','PF',29),(144,'Jarell Eddie','SF',26),(145,'Henry Ellenson','PF',21),(146,'Wayne Ellington','SG',30),(147,'Joel Embiid','C',23),(148,'James Ennis','SF',27),(149,'Tyler Ennis','PG',23),(150,'Jawun Evans','PG',21),(151,'Jeremy Evans','SF',30),(152,'Tyreke Evans','PG',28),(153,'Dante Exum','PG',22),(154,'Kenneth Faried','PF',28),(155,'Derrick Favors','C',26),(156,'Kay Felder','PG',22),(157,'Cristiano Felicio','C',25),(158,'Raymond Felton','PG',33),(159,'Terrance Ferguson','SG',19),(160,'Yogi Ferrell','SG',24),(161,'Dorian Finney-Smith','PF',24),(162,'Bryn Forbes','SG',24),(163,'Evan Fournier','SF',25),(164,'De\'Aaron Fox','PG',20),(165,'Tim Frazier','PG',27),(166,'Channing Frye','C',34),(167,'Markelle Fultz','SG',19),(168,'Danilo Gallinari','SF',29),(169,'Langston Galloway','SG',26),(170,'Marc Gasol','C',33),(171,'Pau Gasol','C',37),(172,'Rudy Gay','PF',31),(173,'Paul George','SF',27),(174,'Marcus Georges-Hunt','SG',23),(175,'Jonathan Gibson','PG',30),(176,'Taj Gibson','PF',32),(177,'Manu Ginobili','SG',40),(178,'Rudy Gobert','C',25),(179,'Aaron Gordon','PF',22),(180,'Eric Gordon','SG',29),(181,'Marcin Gortat','C',33),(182,'Treveon Graham','SG',24),(183,'Jerami Grant','PF',23),(184,'Jerian Grant','PG',25),(185,'Josh Gray','PG',24),(186,'Danny Green','SG',30),(187,'Draymond Green','PF',27),(188,'Gerald Green','SG',32),(189,'JaMychal Green','PF',27),(190,'Jeff Green','PF',31),(191,'Blake Griffin','PF',28),(192,'Daniel Hamilton','SG',22),(193,'Tim Hardaway','SG',25),(194,'James Harden','SG',28),(195,'Maurice Harkless','SF',24),(196,'Montrezl Harrell','C',24),(197,'Devin Harris','PG',34),(198,'Gary Harris','SG',23),(199,'Joe Harris','SG',26),(200,'Tobias Harris','PF',25),(201,'Aaron Harrison','SG',23),(202,'Andrew Harrison','PG',23),(203,'Shaquille Harrison','PG',24),(204,'Josh Hart','SG',22),(205,'Udonis Haslem','C',37),(206,'Nigel Hayes','SF',23),(207,'Gordon Hayward','SF',27),(208,'Reggie Hearn','SG',26),(209,'Myke Henry','SF',25),(210,'John Henson','C',27),(211,'Juan Hernangomez','PF',22),(212,'Willy Hernangomez','C',23),(213,'Mario Hezonja','SF',22),(214,'Isaiah Hicks','PF',23),(215,'Buddy Hield','SG',25),(216,'Nene Hilario','C',35),(217,'George Hill','PG',31),(218,'Solomon Hill','SF',26),(219,'Darrun Hilliard','SG',24),(220,'Jrue Holiday','SG',27),(221,'Justin Holiday','SG',28),(222,'John Holland','SF',29),(223,'Rondae Hollis-Jefferson','SF',23),(224,'Richaun Holmes','C',24),(225,'Rodney Hood','SG',25),(226,'Scotty Hopson','SG',28),(227,'Al Horford','C',31),(228,'Danuel House','SG',24),(229,'Dwight Howard','C',32),(230,'Josh Huestis','PF',26),(231,'R.J. Hunter','SG',24),(232,'Vince Hunter','PF',23),(233,'Serge Ibaka','PF',28),(234,'Andre Iguodala','SF',34),(235,'Ersan Ilyasova','PF',30),(236,'Joe Ingles','SF',30),(237,'Andre Ingram','SG',32),(238,'Brandon Ingram','SF',20),(239,'Kyrie Irving','PG',25),(240,'Jonathan Isaac','PF',20),(241,'Wesley Iwundu','SF',23),(242,'Jarrett Jack','PG',34),(243,'Aaron Jackson','PG',31),(244,'Demetrius Jackson','PG',23),(245,'Josh Jackson','SF',20),(246,'Justin Jackson','SF',22),(247,'Reggie Jackson','PG',27),(248,'LeBron James','PF',33),(249,'Mike James','PG',27),(250,'Al Jefferson','C',33),(251,'Richard Jefferson','SF',37),(252,'Brandon Jennings','PG',28),(253,'Jonas Jerebko','PF',30),(254,'Amir Johnson','C',30),(255,'Brice Johnson','PF',23),(256,'Dakari Johnson','C',22),(257,'James Johnson','PF',30),(258,'Joe Johnson','SF',36),(259,'Omari Johnson','PF',28),(260,'Stanley Johnson','SF',21),(261,'Tyler Johnson','PG',25),(262,'Wesley Johnson','SF',30),(263,'Nikola Jokic','C',22),(264,'Damian Jones','C',22),(265,'Derrick Jones','SF',20),(266,'Jalen Jones','SF',24),(267,'Tyus Jones','PG',21),(268,'DeAndre Jordan','C',29),(269,'Cory Joseph','PG',26),(270,'Frank Kaminsky','PF',24),(271,'Enes Kanter','C',25),(272,'Luke Kennard','SG',21),(273,'Michael Kidd-Gilchrist','SF',24),(274,'Sean Kilpatrick','SG',28),(275,'Maxi Kleber','PF',26),(276,'Furkan Korkmaz','SG',20),(277,'Luke Kornet','PF',22),(278,'Kyle Korver','SG',36),(279,'Kosta Koufos','C',28),(280,'Kyle Kuzma','PF',22),(281,'Mindaugas Kuzminskas','SF',28),(282,'Skal Labissiere','PF',21),(283,'Jeremy Lamb','SG',25),(284,'Shane Larkin','PG',25),(285,'Joffrey Lauvergne','C',26),(286,'Zach LaVine','SG',22),(287,'Jake Layman','SF',23),(288,'T.J. Leaf','PF',20),(289,'Courtney Lee','SG',32),(290,'Damion Lee','SG',25),(291,'Walt Lemon','PG',25),(292,'Alex Len','C',24),(293,'Kawhi Leonard','SF',26),(294,'Meyers Leonard','C',25),(295,'Jon Leuer','PF',28),(296,'Caris LeVert','SF',23),(297,'DeAndre Liggins','SG',29),(298,'Damian Lillard','PG',27),(299,'Jeremy Lin','PG',29),(300,'Shaun Livingston','PG',32),(301,'Kevon Looney','C',21),(302,'Brook Lopez','C',29),(303,'Robin Lopez','C',29),(304,'Kevin Love','C',29),(305,'Kyle Lowry','PG',31),(306,'Timothe Luwawu-Cabarrot','SF',22),(307,'Tyler Lydon','PF',21),(308,'Trey Lyles','PF',22),(309,'Shelvin Mack','PG',27),(310,'Josh Magette','PG',28),(311,'Ian Mahinmi','C',31),(312,'Thon Maker','C',20),(313,'Boban Marjanovic','C',29),(314,'Lauri Markkanen','PF',20),(315,'Jarell Martin','PF',23),(316,'Frank Mason','PG',23),(317,'Mangok Mathiang','C',25),(318,'Wesley Matthewsm','SF',31),(319,'Luc Mbah a Moute','PF',31),(320,'James Michael McAdoo','PF',25),(321,'Patrick McCaw','SG',22),(322,'CJ McCollum','SG',26),(323,'T.J. McConnell','PG',25),(324,'Erik McCree','SF',24),(325,'Chris McCullough','PF',22),(326,'Doug McDermott','SF',26),(327,'JaVale McGee','C',30),(328,'Rodney McGruder','SG',26),(329,'Trey McKinney-Jones','SG',27),(330,'Alfonzo McKinnie','SF',25),(331,'Ben McLemore','SG',24),(332,'Josh McRoberts','PF',30),(333,'Jodie Meeks','SG',30),(334,'Salah Mejri','C',31),(335,'Jordan Mickey','PF',23),(336,'Khris Middleton','SF',26),(337,'C.J. Miles','SF',30),(338,'Darius Miller','SF',27),(339,'Malcolm Miller','SF',24),(340,'Patty Mills','PG',29),(341,'Paul Millsap','PF',32),(342,'Nikola Mirotic','PF',26),(343,'Donovan Mitchell','SG',21),(344,'Naz Mitrou-Long','SG',24),(345,'Malik Monk','SG',19),(346,'Greg Monroe','C',27),(347,'Luis Montero','SG',24),(348,'Ben Moore','PF',22),(349,'E\'Twaun Moore','SG',28),(350,'Eric Moreland','PF',26),(351,'Jaylen Morris','SG',22),(352,'Marcus Morris','PF',28),(353,'Markieff Morris','PF',28),(354,'Monte Morris','PG',22),(355,'Johnathan Motley','PF',22),(356,'Timofey Mozgov','C',31),(357,'Emmanuel Mudiay','PG',21),(358,'Shabazz Muhammad','SF-SG',25),(359,'Xavier Munford','SG',25),(360,'Dejounte Murray','PG',21),(361,'Jamal Murray','PG',20),(362,'Mike Muscala','C',26),(363,'Abdel Nader','SF',24),(364,'Larry Nance','C',25),(365,'Shabazz Napier','PG',26),(366,'Jameer Nelson','PG',35),(367,'Raul Neto','PG',25),(368,'Georges Niang','PF',24),(369,'Joakim Noah','C',32),(370,'Nerlens Noel','C',23),(371,'Lucas Nogueira','C',25),(372,'Dirk Nowitzki','C',39),(373,'Frank Ntilikina','PG',19),(374,'Jusuf Nurkic','C',23),(375,'David Nwaba','SG',25),(376,'Johnny O\'Bryant','PF',24),(377,'Royce O\'Neale','SF',24),(378,'Kyle O\'Quinn','C',27),(379,'Semi Ojeleye','PF',23),(380,'Emeka Okafor','C',35),(381,'Jahlil Okafor','C',22),(382,'Victor Oladipo','SG',25),(383,'Kelly Olynyk','PF',26),(384,'Chinanu Onuaku','C',21),(385,'Cedi Osman','SF',22),(386,'Kelly Oubre','SF',22),(387,'Zaza Pachulia','C',33),(388,'Marcus Paige','PG',24),(389,'Georgios Papagiannis','C',20),(390,'Jabari Parker','PF',22),(391,'Tony Parker','PG',35),(392,'Chandler Parsons','SF',29),(393,'Patrick Patterson','PF',28),(394,'Justin Patton','C',20),(395,'Brandon Paul','SG',26),(396,'Chris Paul','PG',32),(397,'Adreian Payne','PF',26),(398,'Cameron Payne','PG',23),(399,'Elfrid Payton','PG',23),(400,'Gary Payton','PG',25),(401,'Kendrick Perkins','C',33),(402,'London Perrantes','PG',23),(403,'Alec Peters','PF',22),(404,'Marshall Plumlee','C',25),(405,'Mason Plumlee','C',27),(406,'Miles Plumlee','C',29),(407,'Jakob Poeltl','C',22),(408,'Quincy Pondexter','SF',29),(409,'Otto Porter','SF',24),(410,'Bobby Portis','PF',22),(411,'Kristaps Porzingis','PF',22),(412,'Dwight Powell','C',26),(413,'Norman Powell','SG',24),(414,'Alex Poythress','PF',24),(415,'Jacob Pullen','PG',28),(416,'Rodney Purvis','SG',23),(417,'Zhou Qi','C',22),(418,'Tim Quarterman','SG',23),(419,'Ivan Rabb','PF',20),(420,'Julius Randle','C',23),(421,'Zach Randolph','PF',36),(422,'Xavier Rathan-Mayes','SG',23),(423,'J.J. Redick','SG',33),(424,'Davon Reed','SG',22),(425,'Willie Reed','C',27),(426,'Josh Richardson','SF',24),(427,'Malachi Richardson','SG',22),(428,'Austin Rivers','SG',25),(429,'Andre Roberson','SG',26),(430,'Devin Robinson','SF',22),(431,'Glenn Robinson','SF',24),(432,'Rajon Rondo','PG',31),(433,'Derrick Rose','PG',29),(434,'Terrence Ross','SG',26),(435,'Terry Rozier','PG',23),(436,'Ricky Rubio','PG',27),(437,'D\'Angelo Russell','PG',21),(438,'Domantas Sabonis','C',21),(439,'JaKarr Sampson','SF',24),(440,'Dario Saric','PF',23),(441,'Tomas Satoransky','SG',26),(442,'Dennis Schroder','PG',24),(443,'Mike Scott','PF',29),(444,'Thabo Sefolosha','SF',33),(445,'Wayne Selden','SG',23),(446,'Ramon Sessions','PG',31),(447,'Iman Shumpert','SG',27),(448,'Pascal Siakam','PF',23),(449,'Xavier Silas','SG',30),(450,'Ben Simmons','PG',21),(451,'Jonathon Simmons','SG',28),(452,'Kobi Simmons','PG',20),(453,'Kyle Singler','SF',29),(454,'Marcus Smart','SG',23),(455,'Dennis Smith','PG',20),(456,'Ish Smith','PG',29),(457,'J.R. Smith','SG',32),(458,'Jason Smith','C',31),(459,'Josh Smith','PF',32),(460,'Tony Snell','SG',26),(461,'Marreese Speights','C',30),(462,'Nik Stauskas','SG',24),(463,'Lance Stephenson','SG',27),(464,'David Stockton','PG',26),(465,'Julyan Stone','SG',29),(466,'Edmond Sumner','PG',22),(467,'Caleb Swanigan','PF',20),(468,'Jayson Tatum','SF',19),(469,'Isaiah Taylor','PG',23),(470,'Jeff Teagu','PG',29),(471,'Marquis Teague','PG',24),(472,'Mirza Teletovic','PF',32),(473,'Garrett Temple','SG',31),(474,'Milos Teodosic','PG',30),(475,'Jason Terry','SG',40),(476,'Daniel Theis','C',25),(477,'Isaiah Thomas','PG',28),(478,'Lance Thomas','PF',29),(479,'Klay Thompson','SG',27),(480,'Tristan Thompson','C',26),(481,'Sindarius Thornwell','SG',23),(482,'Anthony Tolliver','PF',32),(483,'Karl-Anthony Towns','C',22),(484,'P.J. Tucker','PF',32),(485,'Evan Turner','SF',29),(486,'Myles Turner','C',21),(487,'Ekpe Udoh','C',30),(488,'Tyler Ulis','PG',22),(489,'Jonas Valanciunas','C',25),(490,'Denzel Valentine','SG',24),(491,'Fred VanVleet','PG',23),(492,'Rashad Vaughn','SG',21),(493,'Noah Vonleh','PF',22),(494,'Nikola Vucevic','C',27),(495,'Dwyane Wade','SG',36),(496,'Dion Waiters','SG',26),(497,'Kemba Walker','PG',27),(498,'John Wall','PG',27),(499,'Tyrone Wallace','PG',23),(500,'Taurean Waller-Prince','SF',23),(501,'Derrick Walton','PG',22),(502,'Jameel Warney','PF',24),(503,'T.J. Warren','SF',24),(504,'Travis Wear','SF',27),(505,'James Webb','SF',24),(506,'Briante Weber','PG',25),(507,'David West','C',37),(508,'Russell Westbrook','PG',29),(509,'Andrew White','SF',24),(510,'Derrick White','PG',23),(511,'Okaro White','PF',25),(512,'Isaiah Whitehead','PG',22),(513,'Hassan Whiteside','C',28),(514,'Andrew Wiggins','SF',22),(515,'Jacob Wiley','PF',23),(516,'Damien Wilkins','SF',38),(517,'Alan Williams','PF',25),(518,'C.J. Williams','SG',27),(519,'Derrick Williams','PF',26),(520,'Lou Williams','SG',31),(521,'Marvin Williams','PF',31),(522,'Matt Williams','SG',24),(523,'Troy Williams','SF',23),(524,'D.J. Wilson','PF',21),(525,'Jamil Wilson','SF',27),(526,'Justise Winslow','PF',21),(527,'Jeff Withey','C',27),(528,'Nate Wolters','PG',26),(529,'Brandan Wright','PF',30),(530,'Delon Wright','PG',25),(531,'Guerschon Yabusele','PF',22),(532,'James Young','SG',22),(533,'Joe Young','PG',25),(534,'Nick Young','SG',32),(535,'Thaddeus Young','PF',29),(536,'Cody Zeller','C',25),(537,'Tyler Zeller','C',28),(538,'Paul Zipser','SF',23),(539,'Ante Zizic','C',21),(540,'Ivica Zubac','C',20),(541,'Kobe Bryant','PG',42),(542,'Wilt Chamberlain','PF',45),(543,'Gilbert Arenas','C',62),(544,'Allen Iverson','SF',45),(545,'Bernard King','PG',35),(546,'Larry Bird','SF',32),(547,'Tom Chambers','C',45),(548,'Michael Jordan','PG',55),(549,'Karl Malone','SF',53),(550,'Shaquille O\'Neal','C',52),(551,'David Thompson','PF',42),(552,'Elgin Baylor','SF',460),(553,'David Robinson','C',41),(554,'Pete Maravich','PG',48),(555,'Rick Barry','C',46),(556,'Joe Fulks','SG',52),(557,'Jerry West','C',55),(558,'George Gervin','SG',57),(559,'Tracy McGrady','PG',54),(560,'George Mikan','C',49);
/*!40000 ALTER TABLE `players` ENABLE KEYS */;
UNLOCK TABLES;

--
-- Table structure for table `players_has_top_scorers`
--

DROP TABLE IF EXISTS `players_has_top_scorers`;
/*!40101 SET @saved_cs_client     = @@character_set_client */;
/*!50503 SET character_set_client = utf8mb4 */;
CREATE TABLE `players_has_top_scorers` (
  `Players_id` int NOT NULL,
  `Top_scorer_id` int NOT NULL,
  PRIMARY KEY (`Players_id`,`Top_scorer_id`),
  KEY `fk_Players_has_Top_scorers_Top_scorers1_idx` (`Top_scorer_id`),
  KEY `fk_Players_has_Top_scorers_Players1_idx` (`Players_id`),
  CONSTRAINT `fk_Players_has_Top_scorers_Players1` FOREIGN KEY (`Players_id`) REFERENCES `players` (`Players_id`),
  CONSTRAINT `fk_Players_has_Top_scorers_Top_scorers1` FOREIGN KEY (`Top_scorer_id`) REFERENCES `top_scorers` (`Top_scorer_id`)
) ENGINE=InnoDB DEFAULT CHARSET=utf8mb3;
/*!40101 SET character_set_client = @saved_cs_client */;

--
-- Dumping data for table `players_has_top_scorers`
--

LOCK TABLES `players_has_top_scorers` WRITE;
/*!40000 ALTER TABLE `players_has_top_scorers` DISABLE KEYS */;
INSERT INTO `players_has_top_scorers` VALUES (542,1),(541,2),(542,3),(542,4),(542,5),(551,6),(542,7),(552,8),(553,9),(542,10),(58,11),(548,12),(542,13),(554,14),(542,15),(542,16),(542,17),(542,18),(542,19),(542,20),(542,21),(542,22),(541,23),(552,24),(555,25),(548,26),(556,27),(552,28),(557,29),(542,30),(542,31),(558,32),(548,33),(542,34),(542,35),(542,36),(542,37),(542,38),(542,39),(559,40),(541,41),(17,42),(560,43),(542,44),(542,45),(542,46),(552,47),(542,48),(542,49),(542,50),(548,51),(548,52),(549,53),(550,54),(541,55),(248,56),(194,57),(542,58),(542,59),(542,60),(545,61),(546,62),(547,63),(544,64),(543,65),(541,66),(541,67),(479,68),(194,69),(497,70);
/*!40000 ALTER TABLE `players_has_top_scorers` ENABLE KEYS */;
UNLOCK TABLES;

--
-- Table structure for table `team_stats`
--

DROP TABLE IF EXISTS `team_stats`;
/*!40101 SET @saved_cs_client     = @@character_set_client */;
/*!50503 SET character_set_client = utf8mb4 */;
CREATE TABLE `team_stats` (
  `Team_stats_id` int NOT NULL,
  `Teams_id` int NOT NULL,
  `Gms` int DEFAULT NULL,
  `MP` int DEFAULT NULL,
  `FG` int DEFAULT NULL,
  `FGA` int DEFAULT NULL,
  `FGP` float DEFAULT NULL,
  `ThreeP` int DEFAULT NULL,
  `ThreePA` int DEFAULT NULL,
  `ThreePP` float DEFAULT NULL,
  `TwoP` int DEFAULT NULL,
  `TwoPA` int DEFAULT NULL,
  `TwoPP` float DEFAULT NULL,
  `FT` int DEFAULT NULL,
  `FTA` int DEFAULT NULL,
  `FTP` float DEFAULT NULL,
  `ORB` int DEFAULT NULL,
  `DRB` int DEFAULT NULL,
  `TRB` int DEFAULT NULL,
  `AST` int DEFAULT NULL,
  `STL` int DEFAULT NULL,
  `BLK` int DEFAULT NULL,
  `TOV` int DEFAULT NULL,
  `PF` int DEFAULT NULL,
  `PTS` int DEFAULT NULL,
  PRIMARY KEY (`Team_stats_id`),
  KEY `fk_Team_stats_Teams1_idx` (`Teams_id`),
  CONSTRAINT `fk_Team_stats_Teams1` FOREIGN KEY (`Teams_id`) REFERENCES `teams` (`Teams_id`)
) ENGINE=InnoDB DEFAULT CHARSET=utf8mb3;
/*!40101 SET character_set_client = @saved_cs_client */;

--
-- Dumping data for table `team_stats`
--

LOCK TABLES `team_stats` WRITE;
/*!40000 ALTER TABLE `team_stats` DISABLE KEYS */;
INSERT INTO `team_stats` VALUES (1,1,82,19730,3509,6981,0.503,926,2370,0.391,2583,4611,0.56,1360,1668,0.815,691,2877,3568,2402,656,612,1267,1607,9304),(2,2,82,19755,3174,6906,0.46,1256,3470,0.362,1918,3436,0.558,1609,2061,0.781,739,2825,3564,1767,699,392,1135,1597,9213),(3,3,82,19955,3500,7241,0.483,837,2312,0.362,2663,4929,0.54,1324,1716,0.772,712,2924,3636,2195,657,485,1223,1570,9161),(4,4,82,19830,3383,7169,0.472,968,2705,0.358,2415,4464,0.541,1422,1790,0.794,800,2807,3607,1995,626,500,1095,1783,9156),(5,5,82,19730,3311,6950,0.476,981,2636,0.372,2330,4314,0.54,1488,1909,0.779,694,2761,3455,1916,582,312,1126,1524,9091),(6,6,82,19880,3338,7102,0.47,940,2536,0.371,2398,4566,0.525,1404,1830,0.767,902,2748,3650,2059,627,404,1227,1533,9020),(7,7,82,19780,3349,7098,0.472,901,2445,0.369,2448,4653,0.526,1405,1868,0.752,893,2996,3889,2221,682,420,1353,1811,9004),(8,8,82,19805,3365,7063,0.476,658,1845,0.357,2707,5218,0.519,1592,1980,0.804,848,2593,3441,1861,689,345,1021,1495,8980),(9,9,82,19705,3302,7004,0.471,777,2196,0.354,2525,4808,0.525,1556,2095,0.743,832,2766,3598,1832,628,373,1204,1638,8937),(10,10,82,19780,3197,7106,0.45,824,2233,0.369,2373,4873,0.487,1656,2216,0.747,827,2901,3728,1770,559,373,1041,1409,8874),(11,11,82,19905,3338,7248,0.461,822,2384,0.345,2516,4864,0.517,1364,1910,0.714,876,2927,3803,1949,633,388,1295,1736,8862),(12,12,82,19830,3271,7221,0.453,881,2491,0.354,2390,4730,0.505,1421,1985,0.716,1024,2671,3695,1750,743,412,1147,1653,8844),(13,13,82,19855,3275,7018,0.467,814,2173,0.375,2461,4845,0.508,1378,1786,0.772,823,2713,3536,2065,645,353,1196,1746,8742),(14,14,82,19855,3136,7114,0.441,1041,2924,0.356,2095,4190,0.5,1428,1850,0.772,792,2852,3644,1941,512,390,1245,1688,8741),(15,15,82,19830,3257,6807,0.478,718,2024,0.355,2539,4783,0.531,1499,1915,0.783,688,2579,3267,1905,722,443,1134,1752,8731),(16,16,82,19755,3222,7132,0.452,845,2308,0.366,2377,4824,0.493,1372,1715,0.8,835,2893,3728,1599,573,423,1109,1599,8661),(17,17,82,19755,3345,7083,0.472,741,2010,0.369,2604,5073,0.513,1225,1573,0.779,788,2684,3472,1819,721,340,1089,1544,8656),(18,18,82,19830,3334,7193,0.464,673,1914,0.352,2661,5279,0.504,1225,1557,0.787,859,2752,3611,1912,552,421,1207,1682,8566),(19,19,82,19755,3139,6797,0.462,887,2425,0.366,2252,4372,0.515,1375,1766,0.779,740,2807,3547,1839,708,420,1205,1608,8540),(20,20,82,19805,3141,6975,0.45,939,2492,0.377,2202,4483,0.491,1308,1697,0.771,767,2878,3645,1842,604,373,1149,1618,8529),(21,21,82,19705,3153,7141,0.442,763,2286,0.334,2390,4855,0.492,1453,1962,0.741,842,2776,3618,1743,569,370,1289,1807,8522),(22,22,82,19805,3208,7129,0.45,886,2373,0.373,2322,4756,0.488,1207,1621,0.745,830,2756,3586,1868,628,317,1103,1508,8509),(23,23,82,19930,3184,6997,0.455,903,2506,0.36,2281,4491,0.508,1209,1601,0.755,763,2801,3564,1862,620,437,1179,1648,8480),(24,24,82,19730,3182,7042,0.452,844,2405,0.351,2338,4637,0.504,1271,1678,0.757,722,2692,3414,1921,622,400,1192,1579,8479),(25,25,82,19705,3130,7015,0.446,917,2544,0.36,2213,4471,0.495,1298,1654,0.785,743,2693,3436,1946,638,348,1276,1606,8475),(26,26,82,19855,3170,7285,0.435,906,2549,0.355,2264,4736,0.478,1194,1574,0.759,790,2873,3663,1923,626,289,1147,1571,8440),(27,27,82,19730,3202,6999,0.457,696,1977,0.352,2506,5022,0.499,1324,1715,0.772,849,2777,3626,1868,628,460,1078,1408,8424),(28,28,82,19805,3128,7042,0.444,967,2688,0.36,2161,4354,0.496,1167,1530,0.763,666,2717,3383,1858,578,310,1008,1578,8390),(29,29,82,19705,3013,6788,0.444,758,2152,0.352,2255,4636,0.486,1361,1732,0.786,779,2544,3323,1767,613,396,1227,1900,8145),(30,30,82,19755,3179,7063,0.45,738,1967,0.375,2441,5096,0.479,1008,1371,0.735,777,2578,3355,1768,643,340,1125,1639,8104);
/*!40000 ALTER TABLE `team_stats` ENABLE KEYS */;
UNLOCK TABLES;

--
-- Table structure for table `teams`
--

DROP TABLE IF EXISTS `teams`;
/*!40101 SET @saved_cs_client     = @@character_set_client */;
/*!50503 SET character_set_client = utf8mb4 */;
CREATE TABLE `teams` (
  `Teams_id` int NOT NULL,
  `TeamName` varchar(200) DEFAULT NULL,
  `TeamABBR` varchar(60) DEFAULT NULL,
  `Location` varchar(150) DEFAULT NULL,
  PRIMARY KEY (`Teams_id`)
) ENGINE=InnoDB DEFAULT CHARSET=utf8mb3;
/*!40101 SET character_set_client = @saved_cs_client */;

--
-- Dumping data for table `teams`
--

LOCK TABLES `teams` WRITE;
/*!40000 ALTER TABLE `teams` DISABLE KEYS */;
INSERT INTO `teams` VALUES (1,'Golden State Warriors','GSW','Oakland/California'),(2,'Houston Rockets','HOU','Houston/Texas'),(3,'New Orleans Pelicans','NOP','New Orleans/Louisiana'),(4,'Toronto Raptors','TOR','Toronto/Ontario'),(5,'Cleveland Cavaliers','CLE','Cleveland/Ohio'),(6,'Denver Nuggets','DEN','Denver/Colorado'),(7,'Philadelphia 76ers','PHI','Philadelphia/Pennsylvania'),(8,'Minnesota Timberwolves','MIN','Minneapolis/Minnesota'),(9,'Los Angeles Clippers','LAC','Los Angeles/California'),(10,'Charlotte Hornets','CHO','Charlotte/North Carolina'),(11,'Los Angeles Lakers','LAL','Los Angeles/California'),(12,'Oklahoma City Thunder','OKC','Oklahoma City/Oklahoma'),(13,'Washington Wizards','WAS','Washington DC'),(14,'Brooklyn Nets','BRK','Brooklyn/New York'),(15,'Milwaukee Bucks','MIL','Milwaukee/Wisconsin'),(16,'Portland Trail Blazers','POR','Portland / Oregon'),(17,'Indiana Pacers','IND','Indianapolis/Indiana'),(18,'New York Knicks','NYK','New York/New York'),(19,'Utah Jazz','UTA','Salt Lake City/Utah'),(20,'Boston Celtics','BOS','Boston/Massachusetts'),(21,'Phoenix Suns','PHO','Phoenix/Arizona'),(22,'Detroit Pistons','DET','Detroit/Michigan'),(23,'Miami Heat','MIA','Miami/Florida'),(24,'Orlando Magic','ORL','Orlando/Florida'),(25,'Atlanta Hawks','ATL','Atlanta/Georgia'),(26,'Chicago Bulls','CHI','Chicago/Illinois'),(27,'San Antonio Spurs','SAS','San Antonio/Texas'),(28,'Dallas Mavericks','DAL','Dallas/Texas'),(29,'Memphis Grizzlies','MEM','Memphis/Tennesee'),(30,'Sacramento Kings','SAC','Sacramento/California');
/*!40000 ALTER TABLE `teams` ENABLE KEYS */;
UNLOCK TABLES;

--
-- Table structure for table `teams_has_top_scorers`
--

DROP TABLE IF EXISTS `teams_has_top_scorers`;
/*!40101 SET @saved_cs_client     = @@character_set_client */;
/*!50503 SET character_set_client = utf8mb4 */;
CREATE TABLE `teams_has_top_scorers` (
  `Teams_id` int NOT NULL,
  `Top_scorer_id` int NOT NULL,
  PRIMARY KEY (`Teams_id`,`Top_scorer_id`),
  KEY `fk_Teams_has_Top_scorers_Top_scorers1_idx` (`Top_scorer_id`),
  KEY `fk_Teams_has_Top_scorers_Teams1_idx` (`Teams_id`),
  CONSTRAINT `fk_Teams_has_Top_scorers_Teams1` FOREIGN KEY (`Teams_id`) REFERENCES `teams` (`Teams_id`),
  CONSTRAINT `fk_Teams_has_Top_scorers_Top_scorers1` FOREIGN KEY (`Top_scorer_id`) REFERENCES `top_scorers` (`Top_scorer_id`)
) ENGINE=InnoDB DEFAULT CHARSET=utf8mb3;
/*!40101 SET character_set_client = @saved_cs_client */;

--
-- Dumping data for table `teams_has_top_scorers`
--

LOCK TABLES `teams_has_top_scorers` WRITE;
/*!40000 ALTER TABLE `teams_has_top_scorers` DISABLE KEYS */;
INSERT INTO `teams_has_top_scorers` VALUES (1,1),(11,2),(1,3),(1,4),(1,5),(6,6),(1,7),(11,8),(27,9),(1,10),(21,11),(26,12),(7,13),(19,14),(1,15),(1,16),(1,17),(1,18),(11,19),(1,20),(1,21),(1,22),(11,23),(11,24),(1,25),(26,26),(1,27),(11,28),(11,29),(1,30),(1,31),(27,32),(26,33),(1,34),(1,35),(1,36),(1,37),(1,38),(7,39),(24,40),(11,41),(18,42),(11,43),(1,44),(1,45),(1,46),(11,47),(1,48),(1,49),(1,50),(26,51),(26,52),(19,53),(11,54),(11,55),(23,56),(2,57),(1,58),(1,59),(11,60),(18,61),(20,62),(21,63),(7,64),(13,65),(11,66),(11,67),(1,68),(2,69),(10,70);
/*!40000 ALTER TABLE `teams_has_top_scorers` ENABLE KEYS */;
UNLOCK TABLES;

--
-- Table structure for table `top_scorers`
--

DROP TABLE IF EXISTS `top_scorers`;
/*!40101 SET @saved_cs_client     = @@character_set_client */;
/*!50503 SET character_set_client = utf8mb4 */;
CREATE TABLE `top_scorers` (
  `Top_scorer_id` int NOT NULL,
  `Points` int DEFAULT NULL,
  `Name` varchar(150) DEFAULT NULL,
  `Year` int DEFAULT NULL,
  `TeamName` varchar(200) DEFAULT NULL,
  `OppTeamName` varchar(200) DEFAULT NULL,
  `TeamScore` int DEFAULT NULL,
  `OppTeamScore` int DEFAULT NULL,
  `MinsPlayed` int DEFAULT NULL,
  PRIMARY KEY (`Top_scorer_id`)
) ENGINE=InnoDB DEFAULT CHARSET=utf8mb3;
/*!40101 SET character_set_client = @saved_cs_client */;

--
-- Dumping data for table `top_scorers`
--

LOCK TABLES `top_scorers` WRITE;
/*!40000 ALTER TABLE `top_scorers` DISABLE KEYS */;
INSERT INTO `top_scorers` VALUES (1,100,'Wilt Chamberlain',1962,'Golden State Warriors','New York Knicks',169,147,48),(2,81,'Kobe Bryant',2006,'Los Angeles Lakers','Toronto Raptors',122,104,42),(3,78,'Wilt Chamberlain',1961,'Golden State Warriors','Los Angeles Lakers',147,151,63),(4,73,'Wilt Chamberlain',1962,'Golden State Warriors','Chicago Packers',135,117,48),(5,73,'Wilt Chamberlain',1962,'Golden State Warriors','New York Knicks',127,111,48),(6,73,'David Thompson',1978,'Denver Nuggets','Detroit Pistons',137,139,43),(7,72,'Wilt Chamberlain',1962,'Golden State Warriors','Los Angeles',115,127,0),(8,71,'Elgin Baylor',1960,'Los Angeles Lakers','New York Knicks',123,108,45),(9,71,'David Robinson',1994,'San Antonio Spurs','Los Angeles Clippers',112,97,44),(10,70,'Wilt Chamberlain',1963,'Golden State Warriors','Syracuse Nationals',148,163,48),(11,70,'Devin Booker',2017,'Phoenix Suns','Boston Celtics',120,130,45),(12,69,'Michael Jordan',1990,'Chicago Bulls','Cleveland Cavaliers',117,113,50),(13,68,'Wilt Chamberlain',1967,'Philadelphia 76ers','Chicago Bulls',143,123,0),(14,68,'Pete Maravich',1977,'Utah Jazz','New York Knicks',124,107,43),(15,67,'Wilt Chamberlain',1961,'Golden State Warriors','New York Knicks',135,126,0),(16,67,'Wilt Chamberlain',1962,'Golden State Warriors','St Louis Hawks',121,128,48),(17,67,'Wilt Chamberlain',1962,'Golden State Warriors','New York Knicks',135,149,48),(18,67,'Wilt Chamberlain',1963,'Golden State Warriors','Los Angeles Lakers',129,134,0),(19,66,'Wilt Chamberlain',1969,'Los Angeles Lakers','Phoenix Suns',134,116,48),(20,65,'Wilt Chamberlain',1962,'Golden State Warriors','Cincinnati Royals',132,152,48),(21,65,'Wilt Chamberlain',1962,'Golden State Warriors','St Louis Hawks',147,137,48),(22,65,'Wilt Chamberlain',1966,'Golden State Warriors','Los Angeles Lakers',132,125,0),(23,65,'Kobe Bryant',2007,'Los Angeles Lakers','Portland Trail Blazers',116,111,50),(24,64,'Elgin Baylor',1959,'Los Angeles Lakers','Boston Celtics',136,115,0),(25,64,'Rick Barry',1974,'Golden State Warriors','Portland Trail Blazers',143,120,43),(26,64,'Michael Jordan',1993,'Chicago Bulls','Orlando Magic',124,128,47),(27,64,'Joe Fulks',1949,'Golden State Warriors','Indianapolis Jets',108,87,0),(28,63,'Elgin Baylor',1961,'Los Angeles Lakers','Philadelphia Warriors',151,147,0),(29,63,'Jerry West',1962,'Los Angeles Lakers','New York Knicks',129,121,39),(30,63,'Wilt Chamberlain',1962,'Golden State Warriors','Los Angeles Lakers',118,120,0),(31,63,'Wilt Chamberlain',1964,'Golden State Warriors','Philadelphia 76ers',117,128,0),(32,63,'George Gervin',1978,'San Antonio Spurs','New Orleans Jazz',132,153,33),(33,63,'Michael Jordan',1986,'Chicago Bulls','Boston Celtics',131,135,53),(34,62,'Wilt Chamberlain',1962,'Golden State Warriors','Boston Celtics',136,145,48),(35,62,'Wilt Chamberlain',1962,'Golden State Warriors','St Louis Hawks',136,130,53),(36,62,'Wilt Chamberlain',1962,'Golden State Warriors','Syracuse Nationals',139,132,53),(37,62,'Wilt Chamberlain',1963,'Golden State Warriors','New York Knicks',123,103,0),(38,62,'Wilt Chamberlain',1964,'Golden State Warriors','Cincinnati Royals',122,106,0),(39,62,'Wilt Chamberlain',1966,'Philadelphia 76ers','San Francisco Warriors',135,125,0),(40,62,'Tracy McGrady',2004,'Orlando Magic','Washington Wizards',108,99,46),(41,62,'Kobe Bryant',2005,'Los Angeles Lakers','Dallas Mavericks',112,90,33),(42,62,'Carmelo Anthony',2014,'New York Knicks','Charlotte Bobcats',125,96,39),(43,61,'George Mikan',1952,'Los Angeles Lakers','Rochester Royals',91,81,0),(44,61,'Wilt Chamberlain',1961,'Golden State Warriors','Chicago Packers',135,113,48),(45,61,'Wilt Chamberlain',1962,'Golden State Warriors','St Louis Hawks',139,121,48),(46,61,'Wilt Chamberlain',1962,'Golden State Warriors','Chicago Packers',128,119,48),(47,61,'Elgin Baylor',1962,'Los Angeles Lakers','Boston Celtics',126,121,0),(48,61,'Wilt Chamberlain',1962,'Golden State Warriors','Cincinnati Royals',139,143,0),(49,61,'Wilt Chamberlain',1962,'Golden State Warriors','Syracuse Nationals',136,124,0),(50,61,'Wilt Chamberlain',1962,'Golden State Warriors','St Louis Hawks',130,110,0),(51,61,'Michael Jordan',1987,'Chicago Bulls','Detroit Pistons',125,120,43),(52,61,'Michael Jordan',1987,'Chicago Bulls','Atlanta Hawks',114,117,41),(53,61,'Karl Malone',1990,'Utah Jazz','Milwaukee Bucks',144,96,33),(54,61,'Shaquille O\'Neal',2000,'Los Angeles Lakers','Los Angeles Clippers',123,103,45),(55,61,'Kobe Bryant',2009,'Los Angeles Lakers','New York Knicks',126,117,37),(56,61,'Lebron James',2014,'Miami Heat','Charlotte Bobcats',124,107,42),(57,60,'James Harden',2019,'Houston Rockets','New York Knicks',114,110,40),(58,60,'Wilt Chamberlain',1961,'Golden State Warriors','Los Angeles Lakers',138,117,48),(59,60,'Wilt Chamberlain',1961,'Golden State Warriors','Los Angeles Lakers',123,118,48),(60,60,'Wilt Chamberlain',1969,'Los Angeles Lakers','Cincinnati Royals',126,113,0),(61,60,'Bernard King',1984,'New York Knicks','New Jersey Nets',114,120,41),(62,60,'Larry Bird',1985,'Boston Celtics','Atlanta Hawks',126,115,43),(63,60,'Tom Chambers',1990,'Phoenix Suns','Seattle SuperSonics',121,95,42),(64,60,'Allen Iverson',2005,'Philadelphia 76ers','Orlando Magic',112,99,43),(65,60,'Gilbert Arenas',2006,'Washington Wizards','Los Angeles Lakers',147,141,49),(66,60,'Kobe Bryant',2007,'Los Angeles Lakers','Memphis Grizzlies',121,119,46),(67,60,'Kobe Bryant',2016,'Los Angeles Lakers','Utah Jazz',101,96,42),(68,60,'Klay Thompson',2016,'Golden State Warriors','Indiana Pacers',142,106,29),(69,60,'James Harden',2018,'Houston Rockets','Orlando Magic',114,107,47),(70,60,'Kemba Walker',2018,'Charlotte Hornets','Philadelphia 76ers',119,122,46);
/*!40000 ALTER TABLE `top_scorers` ENABLE KEYS */;
UNLOCK TABLES;
/*!40103 SET TIME_ZONE=@OLD_TIME_ZONE */;

/*!40101 SET SQL_MODE=@OLD_SQL_MODE */;
/*!40014 SET FOREIGN_KEY_CHECKS=@OLD_FOREIGN_KEY_CHECKS */;
/*!40014 SET UNIQUE_CHECKS=@OLD_UNIQUE_CHECKS */;
/*!40101 SET CHARACTER_SET_CLIENT=@OLD_CHARACTER_SET_CLIENT */;
/*!40101 SET CHARACTER_SET_RESULTS=@OLD_CHARACTER_SET_RESULTS */;
/*!40101 SET COLLATION_CONNECTION=@OLD_COLLATION_CONNECTION */;
/*!40111 SET SQL_NOTES=@OLD_SQL_NOTES */;

-- Dump completed on 2022-12-06  0:15:31
